Name,Brand,SKU,MPN,base_price,MSRP,Image
ZLINE 24 in. 2.8 cu. ft. Legacy Dual Fuel Range with 4 Burner Gas Cooktop and Electric Convection Oven in Stainless Steel with Satin Stainless Steel Door (RA-SN-24) [Color: Stainless Steel],Zline,RA24,RA24,1799.90,1999.95,"https://images.webfronts.com/cache/frptvoligupf.jpg?imgeng=/w_16/h_16/m_letterbox_ffffff_100 16w, https://images.webfronts.com/cache/frptvoligupf.jpg?imgeng=/w_32/h_32/m_letterbox_ffffff_100 32w, https://images.webfronts.com/cache/frptvoligupf.jpg?imgeng=/w_48/h_48/m_letterbox_ffffff_100 48w, https://images.webfronts.com/cache/frptvoligupf.jpg?imgeng=/w_64/h_64/m_letterbox_ffffff_100 64w, https://images.webfronts.com/cache/frptvoligupf.jpg?imgeng=/w_96/h_96/m_letterbox_ffffff_100 96w, https://images.webfronts.com/cache/frptvoligupf.jpg?imgeng=/w_128/h_128/m_letterbox_ffffff_100 128w, https://images.webfronts.com/cache/frptvoligupf.jpg?imgeng=/w_256/h_256/m_letterbox_ffffff_100 256w, https://images.webfronts.com/cache/frptvoligupf.jpg?imgeng=/w_384/h_384/m_letterbox_ffffff_100 384w, https://images.webfronts.com/cache/frptvoligupf.jpg?imgeng=/w_640/h_640/m_letterbox_ffffff_100 640w, https://images.webfronts.com/cache/frptvoligupf.jpg?imgeng=/w_800/h_800/m_letterbox_ffffff_100 800w, https://images.webfronts.com/cache/frptvoligupf.jpg?imgeng=/w_960/h_960/m_letterbox_ffffff_100 960w, https://images.webfronts.com/cache/frptvoligupf.jpg?imgeng=/w_1280/h_1280/m_letterbox_ffffff_100 1280w, https://images.webfronts.com/cache/frptvoligupf.jpg?imgeng=/w_1440/h_1440/m_letterbox_ffffff_100 1440w, https://images.webfronts.com/cache/frptvoligupf.jpg?imgeng=/w_1920/h_1920/m_letterbox_ffffff_100 1920w"
ZLINE 24 in. 2.8 cu. ft. Legacy Dual Fuel Range with 4 Burner Gas Cooktop and Electric Convection Oven in Satin Stainless Steel (RAS-SN-24) [Color: DuraSnow With Brass Burners],Zline,RASSNBR24,RASSNBR24,2499.95,1049.95,https://images.webfronts.com/cache/frwkfvcbpuwu.jpg?imgeng=/w_1920/h_1920/m_letterbox_ffffff_100
ZLINE 24 in. 2.8 cu. ft. Legacy Dual Fuel Range with 4 Burner Gas Cooktop and Electric Convection Oven in Satin Stainless Steel (RAS-SN-24) [Color: DuraSnow With Brass Burners],Zline,RASSNBR24,RASSNBR24,2499.95,,https://images.webfronts.com/cache/frwkfvcbpuwu.jpg?imgeng=/w_1920/h_1920/m_letterbox_ffffff_100
"Prestige 36"" Dual Fuel Single Oven Range - Stainless Steel",Prestige,VPFSGE365SS,VPFSGE365SS,2999.99,3999.0,https://images.webfronts.com/cache/meaasmoajxlv.jpg?imgeng=/w_1920/h_1920/m_letterbox_ffffff_100
"Prestige 36"" Dual Fuel Single Oven Range - Stainless Steel",Prestige,Verona,Verona,2999.99,3999.0,https://images.webfronts.com/cache/meaasmoajxlv.jpg?imgeng=/w_1920/h_1920/m_letterbox_ffffff_100
ZLINE 24 in. 2.8 cu. ft. Legacy Dual Fuel Range with 4 Burner Gas Cooktop and Electric Convection Oven in Satin Stainless Steel (RAS-SN-24) [Color: DuraSnow With Brass Burners],Zline Kitchen And Bath,RASSNBR24,RASSNBR24,2499.95,,https://images.webfronts.com/cache/frwkfvcbpuwu.jpg?imgeng=/w_1920/h_1920/m_letterbox_ffffff_100
"Prestige 36"" Dual Fuel Single Oven Range - Stainless Steel",Verona,VPFSGE365SS,VPFSGE365SS,2999.99,3999.0,https://images.webfronts.com/cache/meaasmoajxlv.jpg?imgeng=/w_1920/h_1920/m_letterbox_ffffff_100
ZLINE 36 in. 4.6 cu. ft. Legacy Dual Fuel Range with Gas Cooktop and Electric Convection Oven in Stainless Steel with 6 Brass Burners (RA-BR-36),Zline Kitchen And Bath,RABR36,RABR36,2969.90,3299.95,https://images.webfronts.com/cache/frmokqapoaej.jpg?imgeng=/w_1920/h_1920/m_letterbox_ffffff_100
ZLINE Autograph Edition 36 in. 4.6 cu. ft. Legacy Dual Fuel Range with 6 Burner Gas Cooktop and Electric Convection Oven in Satin Stainless Steel with White Matte Door and Champagne Bronze Accents (RASZ-WM-36-CB) [Color: Gold],Zline Kitchen And Bath,RASZWM36G,RASZWM36G,3644.90,4049.95,https://images.webfronts.com/cache/frzdjpacayfq.jpg?imgeng=/w_1920/h_1920/m_letterbox_ffffff_100/cmpr_99
ZLINE Autograph Edition 24 in. 2.8 cu. ft. Legacy Dual Fuel Range with 4 Burner Gas Cooktop and Electric Convection Oven in Stainless Steel [Color: Matte Black],Zline Kitchen And Bath,RAZWM24MB,RAZWM24MB,3299.95,,https://images.webfronts.com/cache/frztbgypzrzg.jpg?imgeng=/w_1920/h_1920/m_letterbox_ffffff_100/cmpr_99
ZLINE Autograph Edition 36 in. 4.6 cu. ft. Legacy Dual Fuel Range with 6 Burner Gas Cooktop and Electric Convection Oven [Color: Matte Black],Zline Kitchen And Bath,RAZ36MB,RAZ36MB,3464.90,3849.95,https://images.webfronts.com/cache/frtcvfrpfmvi.jpg?imgeng=/w_1920/h_1920/m_letterbox_ffffff_100
ZLINE Autograph Edition 36 in. 4.6 cu. ft. Legacy Dual Fuel Range with 6 Burner Gas Cooktop and Electric Convection Oven in Satin Stainless Steel and Champagne Bronze Accents (RASZ-SN-36-CB) [Color: Champagne Bronze],Zline Kitchen And Bath,RASZSN36CB,RASZSN36CB,3599.90,3999.95,https://images.webfronts.com/cache/frreucprglzm.jpg?imgeng=/w_1920/h_1920/m_letterbox_ffffff_100/cmpr_99
LG SIGNATURE 7.3 cu.ft. Smart wi-fi Enabled Dual Fuel Double Oven Range with ProBake Convection®,Lg,LUTD4919SN,LUTD4919SN,3499.00,4069.0,https://images.webfronts.com/cache/frhhfuyalafo.jpg?imgeng=/w_1920/h_1920/m_letterbox_ffffff_100/cmpr_99
"24 inch All Gas Range, 4 Burners Stainless Steel",Bertazzoni,PRO244GASXV,PRO244GASXV,3815.00,,https://images.webfronts.com/cache/mepofhbherbe.jpg?imgeng=/w_1920/h_1920/m_letterbox_ffffff_100
30-inch Gas Slide-in Oven Range,Signature Kitchen Suite,UPSG3014ST,UPSG3014ST,3999.00,,https://images.webfronts.com/cache/frzcgdhkjwga.jpg?imgeng=/w_1920/h_1920/m_letterbox_ffffff_100
"Designer 36"" Gas Single Oven Range - Stainless Steel",Verona,VDFSGG365SS,VDFSGG365SS,3499.99,4849.0,https://images.webfronts.com/cache/mewhbvbindse.jpg?imgeng=/w_1920/h_1920/m_letterbox_ffffff_100
ZLINE Autograph Edition 30 in. 4.0 cu. ft. Legacy Dual Fuel Range with 4 Burner Gas Cooktop and Electric Convection Oven in Satin Stainless Steel and Champagne Bronze Accents (RASZ-SN-30-CB) [Color: Champagne Bronze],Zline Kitchen And Bath,RASZSN30CB,RASZSN30CB,3499.90,3499.95,https://images.webfronts.com/cache/fruqpybgbdny.jpg?imgeng=/w_1920/h_1920/m_letterbox_ffffff_100/cmpr_99
ZLINE 24 in. 2.8 cu. ft. Legacy Dual Fuel Range with 4 Burner Gas Cooktop and Electric Convection Oven in Stainless Steel with Satin Stainless Steel Door (RA-SN-24) [Color: Stainless Steel],Zline Kitchen And Bath,RA24,RA24,1799.90,1999.95,https://images.webfronts.com/cache/frptvoligupf.jpg?imgeng=/w_1920/h_1920/m_letterbox_ffffff_100/cmpr_99
"30"" Gas Range, Silver Stainless Steel, Liquid Propane/High Altitude",Dacor,HGR30PSLPH,HGR30PSLPH,2999.99,3999.0,https://images.webfronts.com/cache/frpjctjvrger.png?imgeng=/w_1920/h_1920/m_letterbox_ffffff_100/cmpr_99
"Master 24"" Range All Gas SS",Bertazzoni,MAS244GASXVLP,MAS244GASXVLP,3815.00,,https://images.webfronts.com/cache/meexpbmtjwjw.jpg?imgeng=/w_1920/h_1920/m_letterbox_ffffff_100/cmpr_99
"Prestige 36"" Gas Double Oven Range - Stainless Steel",Verona,VPFSGG365DSS,VPFSGG365DSS,3699.99,4949.0,https://images.webfronts.com/cache/meqbcxvafvar.jpg?imgeng=/w_1920/h_1920/m_letterbox_ffffff_100/cmpr_99
ZLINE Autograph Edition 24 in. 2.8 cu. ft. Legacy Dual Fuel Range with 4 Burner Gas Cooktop and Electric Convection Oven in Satin Stainless Steel and Champagne Bronze Accents (RASZ-SN-24-CB) [Color: Matte Black],Zline Kitchen And Bath,RASZSN24MB,RASZSN24MB,3299.95,,https://images.webfronts.com/cache/frzjopiyzjyz.jpg?imgeng=/w_1920/h_1920/m_letterbox_ffffff_100/cmpr_99
"ZLINE Autograph Edition 30"" 4.0 cu. ft. Dual Fuel Range with Gas Stove and Electric Oven in Black Stainless Steel with Accents (RABZ-30) [Color: Champagne Bronze]",Zline Kitchen And Bath,RABZ30CB,RABZ30CB,3599.90,3999.95,https://images.webfronts.com/cache/frxlalznrbyt.jpg?imgeng=/w_1920/h_1920/m_letterbox_ffffff_100/cmpr_99
ZLINE 30 in. 4.0 cu. ft. Legacy Dual Fuel Range with 4 Burner Gas Cooktop and Electric Convection Oven in Satin Stainless Steel and Blue Matte Door (RAS-BM-30) [Color: DuraSnow Stainless Steel with Brass Burners],Zline Kitchen And Bath,RASSNBR30,RASSNBR30,2899.95,,https://images.webfronts.com/cache/frlgrqfyiarr.jpg?imgeng=/w_1920/h_1920/m_letterbox_ffffff_100/cmpr_99
"30 inch Dual Fuel Range, 5 Burners, Electric Oven Stainless Steel",Bertazzoni,PRO305DFMXV,PRO305DFMXV,3999.99,5335.0,https://images.webfronts.com/cache/meongajorbio.jpg?imgeng=/w_1920/h_1920/m_letterbox_ffffff_100/cmpr_99
"24 inch All Gas Range, 4 Burners Stainless Steel",Bertazzoni,MAS244GASXV,MAS244GASXV,3815.00,,https://images.webfronts.com/cache/meclfdqvjggg.jpg?imgeng=/w_1920/h_1920/m_letterbox_ffffff_100/cmpr_99
"Prestige 36"" Dual Fuel Single Oven Range - Stainless Steel",Verona,VPFSGE365SS,VPFSGE365SS,2999.99,3999.0,https://images.webfronts.com/cache/meaasmoajxlv.jpg?imgeng=/w_1920/h_1920/m_letterbox_ffffff_100/cmpr_99
ZLINE Autograph Edition 30 in. 4.0 cu. ft. Dual Fuel Range with Gas Stove and Electric Oven in Stainless Steel with White Matte Door and Accents (RAZ-WM-30) [Color: Champagne Bronze],Zline Kitchen And Bath,RAZWM30CB,RAZWM30CB,3014.90,3349.95,https://images.webfronts.com/cache/frjrqnjvplbx.jpg?imgeng=/w_1920/h_1920/m_letterbox_ffffff_100/cmpr_99
"24"" Professional Range All Gas SS",Bertazzoni,PRO244GASXVLP,PRO244GASXVLP,3815.00,,https://images.webfronts.com/cache/megfdeulkwwj.jpg?imgeng=/w_1920/h_1920/m_letterbox_ffffff_100/cmpr_99
KitchenAid® 30'' Smart Commercial-Style Gas Range with 4 Burners,Kitchenaid,KFGC500JSS,KFGC500JSS,4138.99,4599.99,https://images.webfronts.com/cache/meiguxfownau.jpg?imgeng=/w_1920/h_1920/m_letterbox_ffffff_100/cmpr_99
"Pro-Style® 30"" Dual -Fuel Range Pro Style Stainless",Jennair,JDS1450FP,JDS1450FP,2599.99,,https://images.webfronts.com/cache/megmhcfemsja.jpg?imgeng=/w_1920/h_1920/m_letterbox_ffffff_100/cmpr_99
ZLINE Autograph Edition 36 in. 4.6 cu. ft. Legacy Dual Fuel Range with 6 Burner Gas Cooktop and Electric Convection Oven [Color: Champagne Bronze],Zline Kitchen And Bath,RAZWM36CB,RAZWM36CB,3464.90,3849.95,https://images.webfronts.com/cache/frnzigaafrgy.jpg?imgeng=/w_1920/h_1920/m_letterbox_ffffff_100/cmpr_99
ZLINE Autograph Edition 30 in. 4.0 cu. ft. Legacy Dual Fuel Range with 4 Burner Gas Cooktop and Electric Convection Oven in Satin Stainless Steel with White Matte Door and Champagne Bronze Accents (RASZ-WM-30-CB) [Color: Gold],Zline Kitchen And Bath,RASZWM30G,RASZWM30G,3194.90,3549.95,https://images.webfronts.com/cache/frggddaqxeow.jpg?imgeng=/w_1920/h_1920/m_letterbox_ffffff_100/cmpr_99
"Prestige 36"" Dual Fuel Double Oven Range - Stainless Steel",Verona,VPFSGE365DSS,VPFSGE365DSS,3699.99,4949.0,https://images.webfronts.com/cache/megkmebbtcsr.jpg?imgeng=/w_1920/h_1920/m_letterbox_ffffff_100/cmpr_99
"30"" Gas Range with No Preheat and Air Fry",Frigidaire,PCFG3080AF,PCFG3080AF,2699.99,3349.99,https://images.webfronts.com/cache/frztiasnyoex.jpg?imgeng=/w_1920/h_1920/m_letterbox_ffffff_100
ZLINE Autograph Edition 24 in. 2.8 cu. ft. Legacy Dual Fuel Range with 4 Burner Gas Cooktop and Electric Convection Oven in Stainless Steel [Color: Champagne Bronze Accents],Zline Kitchen And Bath,RAZ24CB,RAZ24CB,2879.90,3199.95,https://images.webfronts.com/cache/frrsbbrdgeng.jpg?imgeng=/w_1920/h_1920/m_letterbox_ffffff_100
ZLINE Autograph Edition 24 in. 2.8 cu. ft. Legacy Dual Fuel Range with 4 Burner Gas Cooktop and Electric Convection Oven in Stainless Steel [Color: Champagne Bronze Accents],Zline Kitchen And Bath,RABZ24CB,RABZ24CB,3699.95,,https://images.webfronts.com/cache/fryrhcylfeah.jpg?imgeng=/w_1920/h_1920/m_letterbox_ffffff_100
ZLINE 36 in. 4.6 cu. ft. Legacy Dual Fuel Range with 6 Burner Gas Cooktop and Electric Convection Oven in Satin Stainless Steel and Blue Matte Door (RAS-BM-36) [Color: DuraSnow Stainless Steel with Brass Burners],Zline Kitchen And Bath,RASSNBR36,RASSNBR36,3149.96,3499.95,https://images.webfronts.com/cache/frmcadrnhpfv.jpg?imgeng=/w_1920/h_1920/m_letterbox_ffffff_100/cmpr_99
ZLINE 30 in. 4.0 cu. ft. Legacy Dual Fuel Range with 4 Burner Gas Cooktop and Electric Convection Oven in Stainless Steel with Satin Stainless Steel Door (RA-SN-30) [Color: Stainless Steel With Brass Burners],Zline Kitchen And Bath,RABR30,RABR30,2429.90,2699.95,https://images.webfronts.com/cache/frwwsguubcod.jpg?imgeng=/w_1920/h_1920/m_letterbox_ffffff_100/cmpr_99
ZLINE Autograph Edition 24 in. 2.8 cu. ft. Legacy Dual Fuel Range with 4 Burner Gas Cooktop and Electric Convection Oven in Satin Stainless Steel with White Matte Door and Champagne Bronze Accents (RASZ-WM-24-CB) [Color: Matte Black],Zline Kitchen And Bath,RASZWM24MB,RASZWM24MB,3499.95,,https://images.webfronts.com/cache/frhlaczylhgf.jpg?imgeng=/w_1920/h_1920/m_letterbox_ffffff_100/cmpr_99
ZLINE 36 in. 4.6 cu. ft. Legacy Dual Fuel Range with Gas Cooktop and Electric Convection Oven in Stainless Steel with 6 Brass Burners (RA-BR-36),Zline Kitchen And Bath,RABR36,RABR36,2969.90,3299.95,https://images.webfronts.com/cache/frmokqapoaej.jpg?imgeng=/w_1920/h_1920/m_letterbox_ffffff_100/cmpr_99
ZLINE 36 in. 4.6 cu. ft. Legacy Dual Fuel Range with 6 Burner Gas Cooktop and Electric Convection Oven in Satin Stainless Steel and Blue Matte Door (RAS-BM-36) [Color: DuraSnow Stainless Steel with Brass Burners],Zline Kitchen And Bath,RASSNBR36,RASSNBR36,3149.96,3499.95,https://images.webfronts.com/cache/frmcadrnhpfv.jpg?imgeng=/w_1920/h_1920/m_letterbox_ffffff_100/cmpr_99
ZLINE 24 in. 2.8 cu. ft. Legacy Dual Fuel Range with 4 Burner Gas Cooktop and Electric Convection Oven in Satin Stainless Steel (RAS-SN-24) [Color: DuraSnow With Brass Burners],Zline Kitchen And Bath,RASSNBR24,RASSNBR24,2499.95,,https://images.webfronts.com/cache/frwkfvcbpuwu.jpg?imgeng=/w_1920/h_1920/m_letterbox_ffffff_100
"ZLINE Autograph Edition 30"" 4.0 cu. ft. Dual Fuel Range with Gas Stove and Electric Oven in Black Stainless Steel with Accents (RABZ-30) [Color: Champagne Bronze]",Zline Kitchen And Bath,RABZ30CB,RABZ30CB,3599.90,3999.95,https://images.webfronts.com/cache/frxlalznrbyt.jpg?imgeng=/w_1920/h_1920/m_letterbox_ffffff_100/cmpr_99
ZLINE Autograph Edition 30 in. 4.0 cu. ft. Legacy Dual Fuel Range with 4 Burner Gas Cooktop and Electric Convection Oven in Satin Stainless Steel with White Matte Door and Champagne Bronze Accents (RASZ-WM-30-CB) [Color: Gold],Zline Kitchen And Bath,RASZWM30G,RASZWM30G,3194.90,3549.95,https://images.webfronts.com/cache/frggddaqxeow.jpg?imgeng=/w_1920/h_1920/m_letterbox_ffffff_100/cmpr_99
ZLINE Autograph Edition 24 in. 2.8 cu. ft. Legacy Dual Fuel Range with 4 Burner Gas Cooktop and Electric Convection Oven in Satin Stainless Steel and Champagne Bronze Accents (RASZ-SN-24-CB) [Color: Matte Black],Zline Kitchen And Bath,RASZSN24MB,RASZSN24MB,3299.95,,https://images.webfronts.com/cache/frzjopiyzjyz.jpg?imgeng=/w_1920/h_1920/m_letterbox_ffffff_100
ZLINE 30 in. 4.0 cu. ft. Legacy Dual Fuel Range with 4 Burner Gas Cooktop and Electric Convection Oven in Stainless Steel with Satin Stainless Steel Door (RA-SN-30) [Color: Stainless Steel With Brass Burners],Zline Kitchen And Bath,RABR30,RABR30,2429.90,2699.95,https://images.webfronts.com/cache/frwwsguubcod.jpg?imgeng=/w_1920/h_1920/m_letterbox_ffffff_100
LG SIGNATURE 7.3 cu.ft. Smart wi-fi Enabled Dual Fuel Double Oven Range with ProBake Convection®,Lg,LUTD4919SN,LUTD4919SN,3499.00,4069.0,https://images.webfronts.com/cache/frhhfuyalafo.jpg?imgeng=/w_1920/h_1920/m_letterbox_ffffff_100/cmpr_99
ZLINE 24 in. 2.8 cu. ft. Legacy Dual Fuel Range with 4 Burner Gas Cooktop and Electric Convection Oven in Stainless Steel with Satin Stainless Steel Door (RA-SN-24) [Color: Stainless Steel],Zline Kitchen And Bath,RA24,RA24,1799.90,1999.95,https://images.webfronts.com/cache/frptvoligupf.jpg?imgeng=/w_1920/h_1920/m_letterbox_ffffff_100
"ZLINE Autograph Edition 30"" 4.0 cu. ft. Dual Fuel Range with Gas Stove and Electric Oven in Stainless Steel with Accents (RAZ-30) [Color: Champagne Bronze]",Zline Kitchen And Bath,RAZ30CB,RAZ30CB,2969.90,3299.95,https://images.webfronts.com/cache/frufdqznqmmq.jpg?imgeng=/w_1920/h_1920/m_letterbox_ffffff_100
ZLINE Autograph Edition 24 in. 2.8 cu. ft. Legacy Dual Fuel Range with 4 Burner Gas Cooktop and Electric Convection Oven in Stainless Steel [Color: Champagne Bronze Accents],Zline Kitchen And Bath,RAZ24CB,RAZ24CB,2879.90,3199.95,https://images.webfronts.com/cache/frrsbbrdgeng.jpg?imgeng=/w_1920/h_1920/m_letterbox_ffffff_100
"Designer 36"" Gas Single Oven Range - Stainless Steel",Verona,VDFSGG365SS,VDFSGG365SS,3499.99,4849.0,https://images.webfronts.com/cache/mewhbvbindse.jpg?imgeng=/w_1920/h_1920/m_letterbox_ffffff_100
"Pro-Style® 30"" Dual -Fuel Range Pro Style Stainless",Jennair,JDS1450FP,JDS1450FP,2599.99,,https://images.webfronts.com/cache/megmhcfemsja.jpg?imgeng=/w_1920/h_1920/m_letterbox_ffffff_100
"30"" Gas Range with No Preheat and Air Fry",Frigidaire,PCFG3080AF,PCFG3080AF,2699.99,3349.99,https://images.webfronts.com/cache/frztiasnyoex.jpg?imgeng=/w_1920/h_1920/m_letterbox_ffffff_100/cmpr_99
ZLINE 30 in. 4.0 cu. ft. Legacy Dual Fuel Range with 4 Burner Gas Cooktop and Electric Convection Oven in Satin Stainless Steel and Blue Matte Door (RAS-BM-30) [Color: DuraSnow Stainless Steel with Brass Burners],Zline Kitchen And Bath,RASSNBR30,RASSNBR30,2899.95,,https://images.webfronts.com/cache/frlgrqfyiarr.jpg?imgeng=/w_1920/h_1920/m_letterbox_ffffff_100/cmpr_99
"30"" Gas Range, Silver Stainless Steel, Liquid Propane/High Altitude",Dacor,HGR30PSLPH,HGR30PSLPH,2999.99,3999.0,https://images.webfronts.com/cache/frpjctjvrger.png?imgeng=/w_1920/h_1920/m_letterbox_ffffff_100
"Prestige 36"" Dual Fuel Single Oven Range - Stainless Steel",Verona,VPFSGE365SS,VPFSGE365SS,2999.99,3999.0,https://images.webfronts.com/cache/meaasmoajxlv.jpg?imgeng=/w_1920/h_1920/m_letterbox_ffffff_100
ZLINE Autograph Edition 36 in. 4.6 cu. ft. Legacy Dual Fuel Range with 6 Burner Gas Cooktop and Electric Convection Oven [Color: Matte Black],Zline Kitchen And Bath,RAZ36MB,RAZ36MB,3464.90,3849.95,https://images.webfronts.com/cache/frtcvfrpfmvi.jpg?imgeng=/w_1920/h_1920/m_letterbox_ffffff_100
ZLINE Autograph Edition 24 in. 2.8 cu. ft. Legacy Dual Fuel Range with 4 Burner Gas Cooktop and Electric Convection Oven in Stainless Steel [Color: Matte Black],Zline Kitchen And Bath,RAZWM24MB,RAZWM24MB,3299.95,,https://images.webfronts.com/cache/frztbgypzrzg.jpg?imgeng=/w_1920/h_1920/m_letterbox_ffffff_100
ZLINE Autograph Edition 30 in. 4.0 cu. ft. Legacy Dual Fuel Range with 4 Burner Gas Cooktop and Electric Convection Oven in Satin Stainless Steel and Champagne Bronze Accents (RASZ-SN-30-CB) [Color: Champagne Bronze],Zline Kitchen And Bath,RASZSN30CB,RASZSN30CB,3499.90,3499.95,https://images.webfronts.com/cache/fruqpybgbdny.jpg?imgeng=/w_1920/h_1920/m_letterbox_ffffff_100
"30"" Gas Range - White",Verona,VEFSGG304NW,VEFSGG304NW,2749.99,4099.0,https://images.webfronts.com/cache/metyjassarmr.jpg?imgeng=/w_1920/h_1920/m_letterbox_ffffff_100
ZLINE Autograph Edition 24 in. 2.8 cu. ft. Legacy Dual Fuel Range with 4 Burner Gas Cooktop and Electric Convection Oven in Satin Stainless Steel with White Matte Door and Champagne Bronze Accents (RASZ-WM-24-CB) [Color: Matte Black],Zline Kitchen And Bath,RASZWM24MB,RASZWM24MB,3499.95,,https://images.webfronts.com/cache/frhlaczylhgf.jpg?imgeng=/w_1920/h_1920/m_letterbox_ffffff_100
ZLINE Autograph Edition 36 in. 4.6 cu. ft. Legacy Dual Fuel Range with 6 Burner Gas Cooktop and Electric Convection Oven [Color: Champagne Bronze],Zline Kitchen And Bath,RAZWM36CB,RAZWM36CB,3464.90,3849.95,https://images.webfronts.com/cache/frnzigaafrgy.jpg?imgeng=/w_1920/h_1920/m_letterbox_ffffff_100/cmpr_99
ZLINE 24 in. 2.8 cu. ft. Legacy Dual Fuel Range with 4 Burner Gas Cooktop and Electric Convection Oven in Stainless Steel with Satin Stainless Steel Door (RA-SN-24) [Color: Stainless Steel],Zline Kitchen And Bath,RA24,RA24,1799.90,1999.95,https://images.webfronts.com/cache/frptvoligupf.jpg?imgeng=/w_1920/h_1920/m_letterbox_ffffff_100
ZLINE 30 in. 4.0 cu. ft. Legacy Dual Fuel Range with 4 Burner Gas Cooktop and Electric Convection Oven in Stainless Steel with Satin Stainless Steel Door (RA-SN-30) [Color: Stainless Steel With Brass Burners],Zline Kitchen And Bath,RABR30,RABR30,2429.90,2699.95,https://images.webfronts.com/cache/frwwsguubcod.jpg?imgeng=/w_1920/h_1920/m_letterbox_ffffff_100
ZLINE 24 in. 2.8 cu. ft. Legacy Dual Fuel Range with 4 Burner Gas Cooktop and Electric Convection Oven in Satin Stainless Steel (RAS-SN-24) [Color: DuraSnow With Brass Burners],Zline Kitchen And Bath,RASSNBR24,RASSNBR24,2499.95,,https://images.webfronts.com/cache/frwkfvcbpuwu.jpg?imgeng=/w_1920/h_1920/m_letterbox_ffffff_100/cmpr_99
"Pro-Style® 30"" Dual -Fuel Range Pro Style Stainless",Jennair,JDS1450FP,JDS1450FP,2599.99,,https://images.webfronts.com/cache/megmhcfemsja.jpg?imgeng=/w_1920/h_1920/m_letterbox_ffffff_100/cmpr_99
"30"" Gas Range with No Preheat and Air Fry",Frigidaire,PCFG3080AF,PCFG3080AF,2699.99,3349.99,https://images.webfronts.com/cache/frztiasnyoex.jpg?imgeng=/w_1920/h_1920/m_letterbox_ffffff_100/cmpr_99
"30"" Gas Range - White",Verona,VEFSGG304NW,VEFSGG304NW,2749.99,4099.0,https://images.webfronts.com/cache/metyjassarmr.jpg?imgeng=/w_1920/h_1920/m_letterbox_ffffff_100
ZLINE Autograph Edition 24 in. 2.8 cu. ft. Legacy Dual Fuel Range with 4 Burner Gas Cooktop and Electric Convection Oven in Stainless Steel [Color: Champagne Bronze Accents],Zline Kitchen And Bath,RAZ24CB,RAZ24CB,2879.90,3199.95,https://images.webfronts.com/cache/frrsbbrdgeng.jpg?imgeng=/w_1920/h_1920/m_letterbox_ffffff_100/cmpr_99
ZLINE 30 in. 4.0 cu. ft. Legacy Dual Fuel Range with 4 Burner Gas Cooktop and Electric Convection Oven in Satin Stainless Steel and Blue Matte Door (RAS-BM-30) [Color: DuraSnow Stainless Steel with Brass Burners],Zline Kitchen And Bath,RASSNBR30,RASSNBR30,2899.95,,https://images.webfronts.com/cache/frlgrqfyiarr.jpg?imgeng=/w_1920/h_1920/m_letterbox_ffffff_100/cmpr_99
"ZLINE Autograph Edition 30"" 4.0 cu. ft. Dual Fuel Range with Gas Stove and Electric Oven in Stainless Steel with Accents (RAZ-30) [Color: Champagne Bronze]",Zline Kitchen And Bath,RAZ30CB,RAZ30CB,2969.90,3299.95,https://images.webfronts.com/cache/frufdqznqmmq.jpg?imgeng=/w_1920/h_1920/m_letterbox_ffffff_100/cmpr_99
ZLINE 36 in. 4.6 cu. ft. Legacy Dual Fuel Range with Gas Cooktop and Electric Convection Oven in Stainless Steel with 6 Brass Burners (RA-BR-36),Zline Kitchen And Bath,RABR36,RABR36,2969.90,3299.95,https://images.webfronts.com/cache/frmokqapoaej.jpg?imgeng=/w_1920/h_1920/m_letterbox_ffffff_100
"Prestige 36"" Dual Fuel Single Oven Range - Stainless Steel",Verona,VPFSGE365SS,VPFSGE365SS,2999.99,3999.0,https://images.webfronts.com/cache/meaasmoajxlv.jpg?imgeng=/w_1920/h_1920/m_letterbox_ffffff_100
"30"" Gas Range, Silver Stainless Steel, Liquid Propane/High Altitude",Dacor,HGR30PSLPH,HGR30PSLPH,2999.99,3999.0,https://images.webfronts.com/cache/frpjctjvrger.png?imgeng=/w_1920/h_1920/m_letterbox_ffffff_100
ZLINE Autograph Edition 30 in. 4.0 cu. ft. Dual Fuel Range with Gas Stove and Electric Oven in Stainless Steel with White Matte Door and Accents (RAZ-WM-30) [Color: Champagne Bronze],Zline Kitchen And Bath,RAZWM30CB,RAZWM30CB,3014.90,3349.95,https://images.webfronts.com/cache/frjrqnjvplbx.jpg?imgeng=/w_1920/h_1920/m_letterbox_ffffff_100
ZLINE 36 in. 4.6 cu. ft. Legacy Dual Fuel Range with 6 Burner Gas Cooktop and Electric Convection Oven in Satin Stainless Steel and Blue Matte Door (RAS-BM-36) [Color: DuraSnow Stainless Steel with Brass Burners],Zline Kitchen And Bath,RASSNBR36,RASSNBR36,3149.96,3499.95,https://images.webfronts.com/cache/frmcadrnhpfv.jpg?imgeng=/w_1920/h_1920/m_letterbox_ffffff_100
ZLINE Autograph Edition 30 in. 4.0 cu. ft. Legacy Dual Fuel Range with 4 Burner Gas Cooktop and Electric Convection Oven in Satin Stainless Steel with White Matte Door and Champagne Bronze Accents (RASZ-WM-30-CB) [Color: Gold],Zline Kitchen And Bath,RASZWM30G,RASZWM30G,3194.90,3549.95,https://images.webfronts.com/cache/frggddaqxeow.jpg?imgeng=/w_1920/h_1920/m_letterbox_ffffff_100
ZLINE Autograph Edition 24 in. 2.8 cu. ft. Legacy Dual Fuel Range with 4 Burner Gas Cooktop and Electric Convection Oven in Satin Stainless Steel and Champagne Bronze Accents (RASZ-SN-24-CB) [Color: Matte Black],Zline Kitchen And Bath,RASZSN24MB,RASZSN24MB,3299.95,,https://images.webfronts.com/cache/frzjopiyzjyz.jpg?imgeng=/w_1920/h_1920/m_letterbox_ffffff_100/cmpr_99
ZLINE Autograph Edition 24 in. 2.8 cu. ft. Legacy Dual Fuel Range with 4 Burner Gas Cooktop and Electric Convection Oven in Stainless Steel [Color: Matte Black],Zline Kitchen And Bath,RAZWM24MB,RAZWM24MB,3299.95,,https://images.webfronts.com/cache/frztbgypzrzg.jpg?imgeng=/w_1920/h_1920/m_letterbox_ffffff_100/cmpr_99
ZLINE Autograph Edition 36 in. 4.6 cu. ft. Legacy Dual Fuel Range with 6 Burner Gas Cooktop and Electric Convection Oven [Color: Matte Black],Zline Kitchen And Bath,RAZ36MB,RAZ36MB,3464.90,3849.95,https://images.webfronts.com/cache/frtcvfrpfmvi.jpg?imgeng=/w_1920/h_1920/m_letterbox_ffffff_100
ZLINE Autograph Edition 36 in. 4.6 cu. ft. Legacy Dual Fuel Range with 6 Burner Gas Cooktop and Electric Convection Oven [Color: Champagne Bronze],Zline Kitchen And Bath,RAZWM36CB,RAZWM36CB,3464.90,3849.95,https://images.webfronts.com/cache/frnzigaafrgy.jpg?imgeng=/w_1920/h_1920/m_letterbox_ffffff_100/cmpr_99
LG SIGNATURE 7.3 cu.ft. Smart wi-fi Enabled Dual Fuel Double Oven Range with ProBake Convection®,Lg,LUTD4919SN,LUTD4919SN,3499.00,4069.0,https://images.webfronts.com/cache/frhhfuyalafo.jpg?imgeng=/w_1920/h_1920/m_letterbox_ffffff_100
ZLINE Autograph Edition 30 in. 4.0 cu. ft. Legacy Dual Fuel Range with 4 Burner Gas Cooktop and Electric Convection Oven in Satin Stainless Steel and Champagne Bronze Accents (RASZ-SN-30-CB) [Color: Champagne Bronze],Zline Kitchen And Bath,RASZSN30CB,RASZSN30CB,3499.90,3499.95,https://images.webfronts.com/cache/fruqpybgbdny.jpg?imgeng=/w_1920/h_1920/m_letterbox_ffffff_100
ZLINE Autograph Edition 24 in. 2.8 cu. ft. Legacy Dual Fuel Range with 4 Burner Gas Cooktop and Electric Convection Oven in Satin Stainless Steel with White Matte Door and Champagne Bronze Accents (RASZ-WM-24-CB) [Color: Matte Black],Zline Kitchen And Bath,RASZWM24MB,RASZWM24MB,3499.95,,https://images.webfronts.com/cache/frhlaczylhgf.jpg?imgeng=/w_1920/h_1920/m_letterbox_ffffff_100/cmpr_99
"Designer 36"" Gas Single Oven Range - Stainless Steel",Verona,VDFSGG365SS,VDFSGG365SS,3499.99,4849.0,https://images.webfronts.com/cache/mewhbvbindse.jpg?imgeng=/w_1920/h_1920/m_letterbox_ffffff_100
"ZLINE Autograph Edition 30"" 4.0 cu. ft. Dual Fuel Range with Gas Stove and Electric Oven in Black Stainless Steel with Accents (RABZ-30) [Color: Champagne Bronze]",Zline Kitchen And Bath,RABZ30CB,RABZ30CB,3599.90,3999.95,https://images.webfronts.com/cache/frxlalznrbyt.jpg?imgeng=/w_1920/h_1920/m_letterbox_ffffff_100
ZLINE Autograph Edition 36 in. 4.6 cu. ft. Legacy Dual Fuel Range with 6 Burner Gas Cooktop and Electric Convection Oven in Satin Stainless Steel and Champagne Bronze Accents (RASZ-SN-36-CB) [Color: Champagne Bronze],Zline Kitchen And Bath,RASZSN36CB,RASZSN36CB,3599.90,3999.95,https://images.webfronts.com/cache/frreucprglzm.jpg?imgeng=/w_1920/h_1920/m_letterbox_ffffff_100
ZLINE Autograph Edition 36 in. 4.6 cu. ft. Legacy Dual Fuel Range with 6 Burner Gas Cooktop and Electric Convection Oven in Satin Stainless Steel with White Matte Door and Champagne Bronze Accents (RASZ-WM-36-CB) [Color: Gold],Zline Kitchen And Bath,RASZWM36G,RASZWM36G,3644.90,4049.95,https://images.webfronts.com/cache/frzdjpacayfq.jpg?imgeng=/w_1920/h_1920/m_letterbox_ffffff_100
"Prestige 36"" Dual Fuel Double Oven Range - Stainless Steel",Verona,VPFSGE365DSS,VPFSGE365DSS,3699.99,4949.0,https://images.webfronts.com/cache/megkmebbtcsr.jpg?imgeng=/w_1920/h_1920/m_letterbox_ffffff_100/cmpr_99
"Master 24"" Range All Gas SS",Bertazzoni,MAS244GASXVLP,MAS244GASXVLP,3815.00,,https://images.webfronts.com/cache/meexpbmtjwjw.jpg?imgeng=/w_1920/h_1920/m_letterbox_ffffff_100/cmpr_99
"24 inch All Gas Range, 4 Burners Stainless Steel",Bertazzoni,MAS244GASXV,MAS244GASXV,3815.00,,https://images.webfronts.com/cache/meclfdqvjggg.jpg?imgeng=/w_1920/h_1920/m_letterbox_ffffff_100/cmpr_99
"24 inch All Gas Range, 4 Burners Stainless Steel",Bertazzoni,PRO244GASXV,PRO244GASXV,3815.00,,https://images.webfronts.com/cache/mepofhbherbe.jpg?imgeng=/w_1920/h_1920/m_letterbox_ffffff_100
"24"" Professional Range All Gas SS",Bertazzoni,PRO244GASXVLP,PRO244GASXVLP,3815.00,,https://images.webfronts.com/cache/megfdeulkwwj.jpg?imgeng=/w_1920/h_1920/m_letterbox_ffffff_100
30-inch Gas Slide-in Oven Range,Signature Kitchen Suite,UPSG3014ST,UPSG3014ST,3999.00,,https://images.webfronts.com/cache/frzcgdhkjwga.jpg?imgeng=/w_1920/h_1920/m_letterbox_ffffff_100/cmpr_99
"30 inch Dual Fuel Range, 5 Burners, Electric Oven Stainless Steel",Bertazzoni,PRO305DFMXV,PRO305DFMXV,3999.99,5335.0,https://images.webfronts.com/cache/meongajorbio.jpg?imgeng=/w_1920/h_1920/m_letterbox_ffffff_100/cmpr_99
KitchenAid® 30'' Smart Commercial-Style Gas Range with 4 Burners,Kitchenaid,KFGC500JSS,KFGC500JSS,4138.99,4599.99,https://images.webfronts.com/cache/meiguxfownau.jpg?imgeng=/w_1920/h_1920/m_letterbox_ffffff_100/cmpr_99
"Gas Pro Range, Silver Stainless Steel, Liquid Propane",Dacor,HGPR30SLP,HGPR30SLP,4199.99,4999.0,https://images.webfronts.com/cache/frysparwglua.png?imgeng=/w_1920/h_1920/m_letterbox_ffffff_100/cmpr_99
"Gas Pro Range, Silver Stainless Steel, Natural Gas - Special Buy",Dacor,HGPR36SNG,HGPR36SNG,4299.99,6299.0,https://images.webfronts.com/cache/frijtppvejwq.png?imgeng=/w_1920/h_1920/m_letterbox_ffffff_100/cmpr_99
ZLINE Autograph Edition 36 in. 4.6 cu. ft. Legacy Dual Fuel Range with 6 Burner Gas Cooktop and Electric Convection Oven [Color: Champagne Bronze],Zline Kitchen And Bath,RABZ36CB,RABZ36CB,4399.95,4499.95,https://images.webfronts.com/cache/frrxciputilg.jpg?imgeng=/w_1920/h_1920/m_letterbox_ffffff_100
"30"" Gas Range, Silver Stainless Steel, Natural Gas",Dacor,HGR30PSNG,HGR30PSNG,4499.00,,https://images.webfronts.com/cache/frfyyhqejlqq.png?imgeng=/w_1920/h_1920/m_letterbox_ffffff_100
"Dual Fuel Pro Range, Silver Stainless Steel, Liquid Propane",Dacor,HDPR36SLP,HDPR36SLP,4599.00,8299.0,https://images.webfronts.com/cache/frygopvjvcpa.png?imgeng=/w_1920/h_1920/m_letterbox_ffffff_100
"36 inch Dual Fuel Range, 5 Burner, Electric Oven Nero Matt",Bertazzoni,MAST365DFMNEE,MAST365DFMNEE,4849.00,,https://images.webfronts.com/cache/mecxuuleawtb.jpg?imgeng=/w_1920/h_1920/m_letterbox_ffffff_100
"Pro-Style® 30"" Dual-Fuel Range with MultiMode® Convection",Jennair,JDRP430WP,JDRP430WP,4860.99,,https://images.webfronts.com/cache/frslikrtyuty.png?imgeng=/w_1920/h_1920/m_letterbox_ffffff_100
"Prestige 36"" Gas Single Oven Range - White",Verona,VPFSGG365W,VPFSGG365W,4899.00,,https://images.webfronts.com/cache/meukhtjwsexi.jpg?imgeng=/w_1920/h_1920/m_letterbox_ffffff_100
"36"" Pro Dual-Fuel Steam Range, Silver Stainless Steel, Liquid Propane/High Altitude",Dacor,DOP36M94DAS,DOP36M94DAS,4899.00,9799.0,https://images.webfronts.com/cache/frnmaaaapefn.png?imgeng=/w_1920/h_1920/m_letterbox_ffffff_100
"36"" Pro Dual-Fuel Steam Range, Graphite Stainless Steel, Liquid Propane/High Altitude",Dacor,DOP36M94DAM,DOP36M94DAM,4999.00,10199.0,https://images.webfronts.com/cache/frwygxledsll.png?imgeng=/w_1920/h_1920/m_letterbox_ffffff_100/cmpr_99
"Dual Fuel Pro Range, Silver Stainless Steel, Natural Gas",Dacor,HDPR36SNG,HDPR36SNG,5000.00,8299.0,https://images.webfronts.com/cache/frucreibbtyd.png?imgeng=/w_1920/h_1920/m_letterbox_ffffff_100
"30"" Open Burner Gas Range - VGIC5302 Viking 5 Series",Viking,VGIC53024BSS,VGIC53024BSS,5099.00,5459.0,https://images.webfronts.com/cache/frglxofvytxg.jpg?imgeng=/w_1920/h_1920/m_letterbox_ffffff_100/cmpr_99
"30"" Open Burner Gas Range - VGIC5302 Viking 5 Series",Viking,VGIC53024BSSLP,VGIC53024BSSLP,5099.00,5459.0,https://images.webfronts.com/cache/frglxofvytxg.jpg?imgeng=/w_1920/h_1920/m_letterbox_ffffff_100
"RISE™ 30"" Gas Professional Range",Jennair,JGRP430HL,JGRP430HL,5099.99,,https://images.webfronts.com/cache/mekkhbofspxk.jpg?imgeng=/w_1920/h_1920/m_letterbox_ffffff_100/cmpr_99
KitchenAid® 30'' Smart Commercial-Style Dual Fuel Range with 4 Burners,Kitchenaid,KFDC500JSS,KFDC500JSS,5128.99,5699.99,https://images.webfronts.com/cache/merkgmhaqoxl.jpg?imgeng=/w_1920/h_1920/m_letterbox_ffffff_100/cmpr_99
"Renaissance 30"" Free-Standing Dual-Fuel Range, in Stainless Steel with Chrome Trim, Natural Gas",Dacor,ER30DSRSCHNG,ER30DSRSCHNG,5274.99,,https://images.webfronts.com/cache/frlnboawtany.jpg?imgeng=/w_1920/h_1920/m_letterbox_ffffff_100
ZLINE 48 in. 6.0 cu. ft. Legacy Dual Fuel Range with Gas Cooktop and 2 Electric Ovens in Stainless Steel with 6 Brass Burners (RA-BR-48),Zline Kitchen And Bath,RABR48,RABR48,5309.90,5899.95,https://images.webfronts.com/cache/frajefxezexh.jpg?imgeng=/w_1920/h_1920/m_letterbox_ffffff_100/cmpr_99
"Master 30"" Range All Gas SS",Bertazzoni,MAS305GASXVLP,MAS305GASXVLP,5335.00,,https://images.webfronts.com/cache/megboharijmh.jpg?imgeng=/w_1920/h_1920/m_letterbox_ffffff_100/cmpr_99
"30 inch All Gas Range, 5 Burners Stainless Steel",Bertazzoni,MAS305GASXV,MAS305GASXV,5335.00,,https://images.webfronts.com/cache/mejfbbbpmsar.jpg?imgeng=/w_1920/h_1920/m_letterbox_ffffff_100/cmpr_99
ZLINE 48 in. 6.0 cu. ft. Legacy Dual Fuel Range with 7 Burner Gas Cooktop and 2 Electric Ovens in Satin Stainless Steel and White Matte Doors (RAS-WM-48) [Color: DuraSnow Stainless Steel with Brass Burners],Zline Kitchen And Bath,RASSNBR48,RASSNBR48,5489.90,6099.95,https://images.webfronts.com/cache/frttpzwjyhzw.jpg?imgeng=/w_1920/h_1920/m_letterbox_ffffff_100/cmpr_99
"ILVE UP30WMPSSLP Professional Plus II 30 inch Dual Fuel Range (Liquid Propane, Triple Glass Door, Stainless Steel)",Ilve,UP30WMPSSLP,UP30WMPSSLP,5550.00,,https://images.webfronts.com/cache/frdfdksedoyj.jpg?imgeng=/w_1920/h_1920/m_letterbox_ffffff_100/cmpr_99
"ILVE UP30WMPSS Professional Plus II 30 inch Dual Fuel Range (Natural Gas, Triple Glass Door, Stainless Steel)",Ilve,UP30WMPSS,UP30WMPSS,5550.00,,https://images.webfronts.com/cache/frunabxycacb.jpg?imgeng=/w_1920/h_1920/m_letterbox_ffffff_100/cmpr_99
"30"" Sealed Burner Gas Range - VGR530 Viking 5 Series",Viking,VGR5304BSSBB,VGR5304BSSBB,5572.00,6699.0,https://images.webfronts.com/cache/frjkcqsbzttu.jpg?imgeng=/w_1920/h_1920/m_letterbox_ffffff_100
ZLINE Autograph Edition 48 in. 6.0 cu. ft. Legacy Dual Fuel Range with 7 Burner Gas Cooktop and 2 Electric Ovens [Color: Gold],Zline Kitchen And Bath,RAZWM48G,RAZWM48G,5669.90,6299.95,https://images.webfronts.com/cache/frtaeelnslnr.jpg?imgeng=/w_1920/h_1920/m_letterbox_ffffff_100/cmpr_99
ZLINE Autograph Edition 48 in. 6.0 cu. ft. Legacy Dual Fuel Range with 7 Burner Gas Cooktop and 2 Electric Ovens in Stainless Steel and Polished Gold Accents (RAZ-48-G),Zline Kitchen And Bath,RAZ48G,RAZ48G,5669.96,6299.95,https://images.webfronts.com/cache/frjjosyhqqcv.jpg?imgeng=/w_1920/h_1920/m_letterbox_ffffff_100
"Monogram 30"" All Gas Professional Range with 4 Burners",Monogram,ZGP304NTSS,ZGP304NTSS,5700.00,6270.0,https://images.webfronts.com/cache/frrxtyvxpcmy.jpg?imgeng=/w_1920/h_1920/m_letterbox_ffffff_100/cmpr_99
"30"" Sealed Burner Gas Range - VGR530 Viking 5 Series",Viking,VGR5304BSSLP,VGR5304BSSLP,5749.00,6149.0,https://images.webfronts.com/cache/frzquxnmqttb.jpg?imgeng=/w_1920/h_1920/m_letterbox_ffffff_100/cmpr_99
"36"" Heritage Gas Pro Range, Silver Stainless Steel, Natural Gas/High Altitude",Dacor,HGPR36SNGH,HGPR36SNGH,5799.00,,https://images.webfronts.com/cache/frdccwxdfwyq.png?imgeng=/w_1920/h_1920/m_letterbox_ffffff_100/cmpr_99
"30"" ALL GAS PRO RANGE",Fulgor Milano,F6PGR304S2,F6PGR304S2,5799.00,,https://images.webfronts.com/cache/frmclbxxnmek.jpg?imgeng=/w_1920/h_1920/m_letterbox_ffffff_100/cmpr_99
KitchenAid® 36'' Smart Commercial-Style Gas Range with 6 Burners,Kitchenaid,KFGC506JSS,KFGC506JSS,5848.99,6499.99,https://images.webfronts.com/cache/meshcxblxpsq.jpg?imgeng=/w_1920/h_1920/m_letterbox_ffffff_100/cmpr_99
ZLINE Autograph Edition 48 in. 6.0 cu. ft. Legacy Dual Fuel Range with 7 Burner Gas Cooktop and 2 Electric Ovens in Satin Stainless Steel with White Matte Doors and Champagne Bronze Accents (RASZ-WM-48-CB) [Color: Champagne Bronze],Zline Kitchen And Bath,RASZWM48CB,RASZWM48CB,5849.90,6499.95,https://images.webfronts.com/cache/frxcyexqsklz.jpg?imgeng=/w_1920/h_1920/m_letterbox_ffffff_100
"ILVE UP36FWMPSSLP Professional Plus II 36 inch Dual Fuel Range (Liquid Propane, Triple Glass Door, Stainless Steel)",Ilve,UP36FWMPSSLP,UP36FWMPSSLP,5990.00,,https://images.webfronts.com/cache/frigjuibwjld.jpg?imgeng=/w_1920/h_1920/m_letterbox_ffffff_100/cmpr_99
"ILVE UP36FWMPSS Professional Plus II 36 inch Dual Fuel Range (Natural Gas, Triple Glass Door, Stainless Steel)",Ilve,UP36FWMPSS,UP36FWMPSS,5990.00,,https://images.webfronts.com/cache/frwymvatahwk.jpg?imgeng=/w_1920/h_1920/m_letterbox_ffffff_100
"Monogram 36"" Dual-Fuel Professional Range with 4 Burners and Grill (Natural Gas)",Monogram,ZDP364NRNSS,ZDP364NRNSS,5999.97,8100.0,https://images.webfronts.com/cache/frcqvagbmxbu.jpg?imgeng=/w_1920/h_1920/m_letterbox_ffffff_100
"36"" Open Burner Gas Range - VGIC5362 Viking 5 Series",Viking,VGIC53626BSS,VGIC53626BSS,6099.00,6529.0,https://images.webfronts.com/cache/frjbbnmslsmi.jpg?imgeng=/w_1920/h_1920/m_letterbox_ffffff_100
"36"" Open Burner Gas Range - VGIC5362 Viking 5 Series",Viking,VGIC53626BSSLP,VGIC53626BSSLP,6099.00,6529.0,https://images.webfronts.com/cache/frjbbnmslsmi.jpg?imgeng=/w_1920/h_1920/m_letterbox_ffffff_100
"Café™ 36"" Smart All-Gas Commercial-Style Range with 6 Burners (Natural Gas)",Cafe,CGY366P2TS1,CGY366P2TS1,6298.00,6999.0,https://images.webfronts.com/cache/frtlbrbznjpn.jpg?imgeng=/w_1920/h_1920/m_letterbox_ffffff_100/cmpr_99
ZLINE Autograph Edition 48 in. 6.0 cu. ft. Legacy Dual Fuel Range with 7 Burner Gas Cooktop and 2 Electric Ovens [Color: Champagne Bronze],Zline Kitchen And Bath,RABZ48CB,RABZ48CB,6299.90,6999.95,https://images.webfronts.com/cache/frjikjfwltdn.jpg?imgeng=/w_1920/h_1920/m_letterbox_ffffff_100/cmpr_99
ZLINE Autograph Edition 48 in. 6.0 cu. ft. Legacy Dual Fuel Range with 7 Burner Gas Cooktop and 2 Electric Ovens in Satin Stainless Steel and Champagne Bronze Accents (RASZ-SN-48-CB) [Color: Matte Black],Zline Kitchen And Bath,RASZSN48MB,RASZSN48MB,6399.95,6499.95,https://images.webfronts.com/cache/frznlruvlvhe.jpg?imgeng=/w_1920/h_1920/m_letterbox_ffffff_100/cmpr_99
"30"" 4-Burner All Gas Range, Steeletto",Hestan,KRG304STEELETTO,KRG304STEELETTO,6419.00,,https://images.webfronts.com/cache/frmwuokifbww.png?imgeng=/w_1920/h_1920/m_letterbox_ffffff_100/cmpr_99
"30"" DUAL FUEL PRO RANGE",Fulgor Milano,F6PDF304S1,F6PDF304S1,6499.00,,https://images.webfronts.com/cache/frbqqwdxasdo.jpg?imgeng=/w_1920/h_1920/m_letterbox_ffffff_100
"Master 36"" Range All Gas SS",Bertazzoni,MAS365GASXVLP,MAS365GASXVLP,6670.00,,https://images.webfronts.com/cache/mesvqvsbvtxl.jpg?imgeng=/w_1920/h_1920/m_letterbox_ffffff_100
"ILVE UP36FQMPSS Professional Plus II 36 inch Dual Fuel Range (Natural Gas, Solid Door, Stainless Steel)",Ilve,UP36FQMPSS,UP36FQMPSS,6690.00,,https://images.webfronts.com/cache/frgepbpixukc.jpg?imgeng=/w_1920/h_1920/m_letterbox_ffffff_100/cmpr_99
"RISE™ 30"" Dual-Fuel Professional Range",Jennair,JDRP430HL,JDRP430HL,6799.99,,https://images.webfronts.com/cache/meicuurliwjm.jpg?imgeng=/w_1920/h_1920/m_letterbox_ffffff_100/cmpr_99
"HR 1724-3 G DF Clean Touch Steel - 30"" Range Dual Fuel model with DirectSelect controls",Miele,HR17243GDF,HR17243GDF,6999.00,7399.99,https://images.webfronts.com/cache/frmmvlrsckcq.jpg?imgeng=/w_1920/h_1920/m_letterbox_ffffff_100
"HR 1724-3 LP DF Clean Touch Steel - 30"" Range Dual Fuel model with DirectSelect controls",Miele,HR17243LPDF,HR17243LPDF,6999.00,7399.99,https://images.webfronts.com/cache/frmmvlrsckcq.jpg?imgeng=/w_1920/h_1920/m_letterbox_ffffff_100
"30"" Professional Range All Gas SS",Bertazzoni,PRO304BFGMXTLP,PRO304BFGMXTLP,7020.00,,https://images.webfronts.com/cache/mennofvvcxoj.jpg?imgeng=/w_1920/h_1920/m_letterbox_ffffff_100
"36"" RISE™ Gas Professional-Style Range",Jennair,JGRP436HL,JGRP436HL,7199.99,,https://images.webfronts.com/cache/mecettdjycdv.jpg?imgeng=/w_1920/h_1920/m_letterbox_ffffff_100/cmpr_99
"Pro-Style® 36"" Dual-Fuel Range with MultiMode® Convection",Jennair,JDRP436WP,JDRP436WP,7399.99,,https://images.webfronts.com/cache/meyehhdouuoy.jpg?imgeng=/w_1920/h_1920/m_letterbox_ffffff_100/cmpr_99
"Monogram 36"" All Gas Professional Range with 6 Burners",Monogram,ZGP366NTSS,ZGP366NTSS,7400.00,8140.0,https://images.webfronts.com/cache/frcehphastkg.jpg?imgeng=/w_1920/h_1920/m_letterbox_ffffff_100/cmpr_99
KitchenAid® 36'' Smart Commercial-Style Dual Fuel Range with 6 Burners,Kitchenaid,KFDC506JSS,KFDC506JSS,7558.99,8399.99,https://images.webfronts.com/cache/merfdflxybnh.jpg?imgeng=/w_1920/h_1920/m_letterbox_ffffff_100/cmpr_99
"36"" Gas Range - VGR536 Viking 5 Series",Viking,VGR5366BSSLP,VGR5366BSSLP,7599.00,8129.0,https://images.webfronts.com/cache/friqtswcozyu.jpg?imgeng=/w_1920/h_1920/m_letterbox_ffffff_100/cmpr_99
"36"" Gas Range - VGR536 Viking 5 Series",Viking,VGR5366BSS,VGR5366BSS,7599.00,8129.0,https://images.webfronts.com/cache/friqtswcozyu.jpg?imgeng=/w_1920/h_1920/m_letterbox_ffffff_100
"36"" Dual Fuel Pro Range, Silver Stainless Steel, Natural Gas/High Alttitude",Dacor,HDPR36SNGH,HDPR36SNGH,7599.00,,https://images.webfronts.com/cache/frpqajoxnjnl.png?imgeng=/w_1920/h_1920/m_letterbox_ffffff_100
"ILVE UPD40FWMPSS Professional Plus II 40 inch Dual Fuel Range (Natural Gas, Triple Glass Door, Stainless Steel)",Ilve,UPD40FWMPSS,UPD40FWMPSS,7690.00,,https://images.webfronts.com/cache/frsutcvylrme.jpg?imgeng=/w_1920/h_1920/m_letterbox_ffffff_100
"ILVE UPD40FWMPSSLP Professional Plus II 40 inch Dual Fuel Range (Liquid Propane, Triple Glass Door, Stainless Steel)",Ilve,UPD40FWMPSSLP,UPD40FWMPSSLP,7690.00,,https://images.webfronts.com/cache/frkiiscrwrrw.jpg?imgeng=/w_1920/h_1920/m_letterbox_ffffff_100/cmpr_99
"RISE™ 36"" Gas Professional-Style Range with Grill",Jennair,JGRP636HL,JGRP636HL,7699.99,,https://images.webfronts.com/cache/mewchrhmytjf.jpg?imgeng=/w_1920/h_1920/m_letterbox_ffffff_100/cmpr_99
"36"" RISE™ Gas Professional-Style Range with Chrome-Infused Griddle",Jennair,JGRP536HL,JGRP536HL,7699.99,,https://images.webfronts.com/cache/melsqjkepaps.jpg?imgeng=/w_1920/h_1920/m_letterbox_ffffff_100/cmpr_99
"SOFIA 36"" PRO ALL GAS RANGE WITH GRIDDLE",Fulgor Milano,F6PGR364GS2,F6PGR364GS2,7799.00,,https://images.webfronts.com/cache/frwzrstwqove.jpg?imgeng=/w_1920/h_1920/m_letterbox_ffffff_100
"Café™ 36"" Smart Dual-Fuel Commercial-Style Range with 6 Burners (Natural Gas)",Cafe,C2Y366P2TS1,C2Y366P2TS1,7828.00,8699.0,https://images.webfronts.com/cache/frrtrgpafkzi.jpg?imgeng=/w_1920/h_1920/m_letterbox_ffffff_100/cmpr_99
36-inch Gas Pro Range with 6 Burners,Signature Kitchen Suite,SKSGR360S,SKSGR360S,7899.00,,https://images.webfronts.com/cache/freiebxmufds.jpg?imgeng=/w_1920/h_1920/m_letterbox_ffffff_100
"Pro-Style® 36"" Dual-Fuel Range with Griddle and MultiMode® Convection",Jennair,JDRP536WP,JDRP536WP,7900.99,,https://images.webfronts.com/cache/medhnhtqghqi.jpg?imgeng=/w_1920/h_1920/m_letterbox_ffffff_100
"30"" Dual Fuel Range - VDR530 Viking 5 Series",Viking,VDR5304BSS,VDR5304BSS,7999.00,8559.0,https://images.webfronts.com/cache/fruvysqeoyzc.jpg?imgeng=/w_1920/h_1920/m_letterbox_ffffff_100
"30"" Dual Fuel Range - VDR530 Viking 5 Series",Viking,VDR5304BSSLP,VDR5304BSSLP,7999.00,8559.0,https://images.webfronts.com/cache/fruvysqeoyzc.jpg?imgeng=/w_1920/h_1920/m_letterbox_ffffff_100
"Monogram 36"" Dual-Fuel Professional Range with 4 Burners and Griddle (Natural Gas)",Monogram,ZDP364NDNSS,ZDP364NDNSS,7999.99,8100.0,https://images.webfronts.com/cache/frqeqdvknpoa.jpg?imgeng=/w_1920/h_1920/m_letterbox_ffffff_100/cmpr_99
"Monogram 36"" All Gas Professional Range with 4 Burners and Griddle",Monogram,ZGP364NDTSS,ZGP364NDTSS,8100.00,8910.0,https://images.webfronts.com/cache/fruwkpluqzfu.jpg?imgeng=/w_1920/h_1920/m_letterbox_ffffff_100/cmpr_99
36-Inch Pro Harmony® Standard Depth Dual Fuel Range,Thermador,PRD364NLHU,PRD364NLHU,8145.99,,https://images.webfronts.com/cache/frrhtfqyxlvd.jpg?imgeng=/w_1920/h_1920/m_letterbox_ffffff_100
"36"" Pro Gas Range, Silver Stainless Steel, Natural Gas",Dacor,DOP36M96GLS,DOP36M96GLS,8199.00,,https://images.webfronts.com/cache/frwbyemicjoa.png?imgeng=/w_1920/h_1920/m_letterbox_ffffff_100/cmpr_99
"Aga MERCURY 48"" Dual Fuel Model, Stainless Steel",Aga,AMC48DFSS,AMC48DFSS,8449.00,9289.0,https://images.webfronts.com/cache/frbmyfmmnqrc.jpg?imgeng=/w_1920/h_1920/m_letterbox_ffffff_100
"30 inch Dual Fuel Range, 4 Brass Burners, Electric Self-Clean Oven Stainless Steel",Bertazzoni,PRO304BFEPXT,PRO304BFEPXT,8450.00,,https://images.webfronts.com/cache/mejdrmqxploa.jpg?imgeng=/w_1920/h_1920/m_letterbox_ffffff_100
"30"" 4-Burner Dual Fuel Range, Steeletto",Hestan,KRD304STEELETTO,KRD304STEELETTO,8469.00,,https://images.webfronts.com/cache/frepaqrmtxbe.png?imgeng=/w_1920/h_1920/m_letterbox_ffffff_100
"HR 1924-3 LP DF Clean Touch Steel - 30"" Range Dual Fuel model with M Touch controls",Miele,HR19243LPDF,HR19243LPDF,8499.00,8599.99,https://images.webfronts.com/cache/frcrhfaqtqgh.png?imgeng=/w_1920/h_1920/m_letterbox_ffffff_100/cmpr_99
"HR 1924-3 G DF Clean Touch Steel - 30"" Range Dual Fuel model with M Touch controls",Miele,HR19243GDF,HR19243GDF,8499.00,8599.99,https://images.webfronts.com/cache/frcrhfaqtqgh.png?imgeng=/w_1920/h_1920/m_letterbox_ffffff_100
"36"" Professional Range All Gas SS",Bertazzoni,PRO366BCFGMXTLP,PRO366BCFGMXTLP,8710.00,,https://images.webfronts.com/cache/mecljblsuljs.jpg?imgeng=/w_1920/h_1920/m_letterbox_ffffff_100
"36 inch All Gas Range, 6 Brass Burners and Cast Iron Griddle Stainless Steel",Bertazzoni,PRO366BCFGMXT,PRO366BCFGMXT,8710.00,,https://images.webfronts.com/cache/meipcncvjpao.jpg?imgeng=/w_1920/h_1920/m_letterbox_ffffff_100
"36 inch All Gas Range, 6 Brass Burners and Cast Iron Griddle Stainless Steel",Bertazzoni,MAS366BCFGMXT,MAS366BCFGMXT,8710.00,,https://images.webfronts.com/cache/medetlkjojfl.jpg?imgeng=/w_1920/h_1920/m_letterbox_ffffff_100
"Master 36"" Range All Gas SS",Bertazzoni,MAS366BCFGMXTLP,MAS366BCFGMXTLP,8710.00,,https://images.webfronts.com/cache/meeugenkgyaf.jpg?imgeng=/w_1920/h_1920/m_letterbox_ffffff_100
"36"" 5-Burner All Gas Range, Steeletto",Hestan,KRG365STEELETTO,KRG365STEELETTO,8859.00,,https://images.webfronts.com/cache/frpnkvsjxbmy.png?imgeng=/w_1920/h_1920/m_letterbox_ffffff_100
"36"" Pro Gas Range, Graphite Stainless Steel, Natural Gas",Dacor,DOP36M96GLM,DOP36M96GLM,8999.00,,https://images.webfronts.com/cache/frdjoelvbjui.png?imgeng=/w_1920/h_1920/m_letterbox_ffffff_100
ZLINE 60 in. 7.4 cu. ft. Legacy Dual Fuel Range with 9 Burner Gas Cooktop and 2 Electric Convection Ovens in Stainless Steel with Satin Stainless Steel Doors (RA-SN-60) [Color: Stainless Steel],Zline Kitchen And Bath,RA60,RA60,8999.90,9999.95,https://images.webfronts.com/cache/frepegrccubr.jpg?imgeng=/w_1920/h_1920/m_letterbox_ffffff_100
"36"" DUAL FUEL PRO RANGE WITH GRIDDLE",Fulgor Milano,F6PDF364GS1,F6PDF364GS1,9299.00,,https://images.webfronts.com/cache/frxeuwpsvfze.jpg?imgeng=/w_1920/h_1920/m_letterbox_ffffff_100
KitchenAid® 48'' Smart Commercial-Style Gas Range with Griddle,Kitchenaid,KFGC558JSS,KFGC558JSS,9358.99,10399.99,https://images.webfronts.com/cache/mebotpiqibpv.jpg?imgeng=/w_1920/h_1920/m_letterbox_ffffff_100/cmpr_99
"36"" Gas Range - VGR536 Viking 5 Series",Viking,VGR5364GSS,VGR5364GSS,9599.00,10269.0,https://images.webfronts.com/cache/frvavyeidfed.jpg?imgeng=/w_1920/h_1920/m_letterbox_ffffff_100
"36"" Gas Range - VGR536 Viking 5 Series",Viking,VGR5364GSSLP,VGR5364GSSLP,9599.00,10269.0,https://images.webfronts.com/cache/frvavyeidfed.jpg?imgeng=/w_1920/h_1920/m_letterbox_ffffff_100
"36"" 4-Burner All Gas Range with 12"" Griddle, Steeletto",Hestan,KRG364GDSTEELETTO,KRG364GDSTEELETTO,9759.00,,https://images.webfronts.com/cache/frvlvrjwttyn.png?imgeng=/w_1920/h_1920/m_letterbox_ffffff_100
"RISE™ 36"" Dual-Fuel Professional Range",Jennair,JDRP436HL,JDRP436HL,9799.99,,https://images.webfronts.com/cache/mefcebvkylhu.jpg?imgeng=/w_1920/h_1920/m_letterbox_ffffff_100
"Café™ 48"" Dual-Fuel Commercial-Style Range with 6 Burners and Griddle (Natural Gas)",Cafe,C2Y486P2MS1,C2Y486P2MS1,9899.99,,https://images.webfronts.com/cache/frfxjnlegjnx.jpg?imgeng=/w_1920/h_1920/m_letterbox_ffffff_100/cmpr_99
ZLINE Autograph Edition 60 in. 7.4 cu. ft. Legacy Dual Fuel Range with 9 Burner Gas Cooktop and 2 Electric Convection Ovens [Color: Matte Black],Zline Kitchen And Bath,RAZ60MB,RAZ60MB,9989.90,11099.95,https://images.webfronts.com/cache/fruwggorgtrn.jpg?imgeng=/w_1920/h_1920/m_letterbox_ffffff_100
"ILVE UP48FWMPSSLP Professional Plus II 48 inch Dual Fuel Range (8 Sealed Burners + Griddle, Liquid Propane, Triple Glass Door, Stainless Steel)",Ilve,UP48FWMPSSLP,UP48FWMPSSLP,9990.00,,https://images.webfronts.com/cache/frkdmyarszck.jpg?imgeng=/w_1920/h_1920/m_letterbox_ffffff_100/cmpr_99
"ILVE UP48FWMPSS Professional Plus II 48 inch Dual Fuel Range (8 Sealed Burners + Griddle, Natural Gas, Triple Glass Door, Stainless Steel)",Ilve,UP48FWMPSS,UP48FWMPSS,9990.00,,https://images.webfronts.com/cache/frahjiogkemg.jpg?imgeng=/w_1920/h_1920/m_letterbox_ffffff_100/cmpr_99
PRD366WHU Dual Fuel Professional Range 36'' Pro Harmony® Standard Depth Stainless Steel,Thermador,PRD366WHU,PRD366WHU,9999.00,10999.0,https://images.webfronts.com/cache/frchqddfcyed.webp?imgeng=/w_1920/h_1920/m_letterbox_ffffff_100/cmpr_99
"36"" Dual Fuel Range - VDR536 Viking 5 Series",Viking,VDR5366BSSLP,VDR5366BSSLP,9999.00,10699.0,https://images.webfronts.com/cache/frxcotweamkh.jpg?imgeng=/w_1920/h_1920/m_letterbox_ffffff_100/cmpr_99
"HR 1934-3 LP DF Clean Touch Steel - 36"" Range Dual Fuel model with M Touch controls",Miele,HR19343LPDF,HR19343LPDF,9999.00,12199.99,https://images.webfronts.com/cache/fremphjnfyuw.png?imgeng=/w_1920/h_1920/m_letterbox_ffffff_100/cmpr_99
"HR 1934-3 G DF Clean Touch Steel - 36"" Range Dual Fuel model with M Touch controls",Miele,HR19343GDF,HR19343GDF,9999.00,12199.99,https://images.webfronts.com/cache/fremphjnfyuw.png?imgeng=/w_1920/h_1920/m_letterbox_ffffff_100/cmpr_99
"36"" Dual Fuel Range - VDR536 Viking 5 Series",Viking,VDR5366BSS,VDR5366BSS,9999.00,10699.0,https://images.webfronts.com/cache/frxcotweamkh.jpg?imgeng=/w_1920/h_1920/m_letterbox_ffffff_100
"36 inch Dual Fuel Range, 6 Brass Burners and Cast Iron Griddle, Electric Self-Clean Oven Stainless Steel",Bertazzoni,PRO366BCFEPXT,PRO366BCFEPXT,10010.00,,https://images.webfronts.com/cache/mewkxsaqxiui.jpg?imgeng=/w_1920/h_1920/m_letterbox_ffffff_100/cmpr_99
ZLINE Autograph Edition 60 in. 7.4 cu. ft. Legacy Dual Fuel Range with 9 Burner Gas Cooktop and 2 Electric Convection Ovens [Color: Gold],Zline Kitchen And Bath,RAZWM60G,RAZWM60G,10079.90,11199.95,https://images.webfronts.com/cache/frhtcqpmejcq.jpg?imgeng=/w_1920/h_1920/m_letterbox_ffffff_100/cmpr_99
"RISE™ 36"" Dual-Fuel Professional Range with Gas Grill",Jennair,JDRP636HL,JDRP636HL,10099.99,,https://images.webfronts.com/cache/mebthosaedif.jpg?imgeng=/w_1920/h_1920/m_letterbox_ffffff_100
"RISE™ 36"" Dual-Fuel Professional Range with Chrome-Infused Griddle",Jennair,JDRP536HL,JDRP536HL,10099.99,,https://images.webfronts.com/cache/meldbujoyvrj.jpg?imgeng=/w_1920/h_1920/m_letterbox_ffffff_100/cmpr_99
"36"" Sealed Burner Gas Range - VGR7362 Viking 7 Series",Viking,VGR73626BSS,VGR73626BSS,10299.00,11019.0,https://images.webfronts.com/cache/frwxwthfcuok.jpg?imgeng=/w_1920/h_1920/m_letterbox_ffffff_100
"36"" Sealed Burner Gas Range - VGR7362 Viking 7 Series",Viking,VGR73626BSSLP,VGR73626BSSLP,10299.00,11019.0,https://images.webfronts.com/cache/frwxwthfcuok.jpg?imgeng=/w_1920/h_1920/m_letterbox_ffffff_100
"36"" Dual Fuel Range - VDR536 Viking 5 Series",Viking,VDR5364GSSBB,VDR5364GSSBB,10306.00,12419.0,https://images.webfronts.com/cache/frjvxyqddqzx.jpg?imgeng=/w_1920/h_1920/m_letterbox_ffffff_100
ZLINE Autograph Edition 60 in. 7.4 cu. ft. Legacy Dual Fuel Range with 9 Burner Gas Cooktop and 2 Electric Convection Ovens in Satin Stainless Steel and Champagne Bronze Accents (RASZ-SN-60-CB),Zline Kitchen And Bath,RASZSN60CB,RASZSN60CB,10529.90,11699.95,https://images.webfronts.com/cache/frcklqycrkoa.jpg?imgeng=/w_1920/h_1920/m_letterbox_ffffff_100
"RISE™ 36"" Dual-Fuel Professional Range with Chrome-Infused Griddle and Steam Assist",Jennair,JDSP536HL,JDSP536HL,10599.99,,https://images.webfronts.com/cache/meldbujoyvrj.jpg?imgeng=/w_1920/h_1920/m_letterbox_ffffff_100
"ILVE UP48FQMPSSLP Professional Plus II 48 inch Dual Fuel Range (8 Sealed Burners + Griddle, Liquid Propane, Solid Door, Stainless Steel)",Ilve,UP48FQMPSSLP,UP48FQMPSSLP,10690.00,,https://images.webfronts.com/cache/fruppagqrwlk.jpg?imgeng=/w_1920/h_1920/m_letterbox_ffffff_100
"ILVE UP48FQMPSS Professional Plus II 48 inch Dual Fuel Range (8 Sealed Burners + Griddle, Natural Gas, Solid Door, Stainless Steel)",Ilve,UP48FQMPSS,UP48FQMPSS,10690.00,,https://images.webfronts.com/cache/frhtrgntlqtl.jpg?imgeng=/w_1920/h_1920/m_letterbox_ffffff_100
36-inch Dual-Fuel Pro Range with Six Burners,Signature Kitchen Suite,SKSDR360S,SKSDR360S,10699.00,,https://images.webfronts.com/cache/frppvtntocdq.jpg?imgeng=/w_1920/h_1920/m_letterbox_ffffff_100
"Monogram 36"" Dual-Fuel Professional Range with 6 Burners",Monogram,ZDP366NTSS,ZDP366NTSS,10700.00,11770.0,https://images.webfronts.com/cache/frcwmsnjfhfs.jpg?imgeng=/w_1920/h_1920/m_letterbox_ffffff_100
"ILVE UP48FSWMPSSLP Professional Plus II 48 inch Dual Fuel Range (5 Sealed Burners + Griddle + French Top, Liquid Propane, Triple Glass Door, Stainless Steel)",Ilve,UP48FSWMPSSLP,UP48FSWMPSSLP,10990.00,,https://images.webfronts.com/cache/frnwihyhxnpb.jpg?imgeng=/w_1920/h_1920/m_letterbox_ffffff_100/cmpr_99
"ILVE UP48FSWMPBK Professional Plus II 48 inch Dual Fuel Range (5 Sealed Burners + Griddle + French Top, Natural Gas, Triple Glass Door, Glossy Black)",Ilve,UP48FSWMPBK,UP48FSWMPBK,10990.00,,https://images.webfronts.com/cache/frmrjttcdyih.jpg?imgeng=/w_1920/h_1920/m_letterbox_ffffff_100
"36"" Dual Fuel Range - VDR536 Viking 5 Series",Viking,VDR5364GSSLP,VDR5364GSSLP,10999.00,11769.0,https://images.webfronts.com/cache/frowmmumyqax.jpg?imgeng=/w_1920/h_1920/m_letterbox_ffffff_100
"48"" Gas Range, Silver Stainless, Natural Gas/Liquid Propane",Dacor,DOP48T960GS,DOP48T960GS,11049.00,,https://images.webfronts.com/cache/frlsztdvskhs.png?imgeng=/w_1920/h_1920/m_letterbox_ffffff_100/cmpr_99
"RISE™ 48"" Gas Professional-Style Range with Grill",Jennair,JGRP648HL,JGRP648HL,11199.99,,https://images.webfronts.com/cache/mequxouquouu.jpg?imgeng=/w_1920/h_1920/m_letterbox_ffffff_100/cmpr_99
"48"" RISE™ Gas Professional-Style Range with Chrome-Infused Griddle",Jennair,JGRP548HL,JGRP548HL,11199.99,,https://images.webfronts.com/cache/meqxdnugaees.jpg?imgeng=/w_1920/h_1920/m_letterbox_ffffff_100
"48"" NOIR™ Gas Professional-Style Range with Chrome-Infused Griddle",Jennair,JGRP548HM,JGRP548HM,11199.99,,https://images.webfronts.com/cache/meolselhnuao.jpg?imgeng=/w_1920/h_1920/m_letterbox_ffffff_100
"48"" ALL GAS PRO RANGE",Fulgor Milano,F6PGR486GS2,F6PGR486GS2,11299.00,,https://images.webfronts.com/cache/frgsdxyljbrq.jpg?imgeng=/w_1920/h_1920/m_letterbox_ffffff_100
ZLINE Autograph Edition 60 in. 7.4 cu. ft. Legacy Dual Fuel Range with 9 Burner Gas Cooktop and 2 Electric Convection Ovens [Color: Polished Gold Accents],Zline Kitchen And Bath,RABZ60G,RABZ60G,11339.90,12599.95,https://images.webfronts.com/cache/frtsnsgvlfzf.jpg?imgeng=/w_1920/h_1920/m_letterbox_ffffff_100
ZLINE 60 in. 7.4 cu. ft. Legacy Dual Fuel Range with 9 Burner Gas Cooktop and 2 Electric Convection Ovens in Satin Stainless Steel and White Matte Doors (RAS-WM-60) [Color: DuraSnow Stainless Steel with Brass Burners],Zline Kitchen And Bath,RASSNBR60,RASSNBR60,11399.90,11399.95,https://images.webfronts.com/cache/frbedfrqeosf.jpg?imgeng=/w_1920/h_1920/m_letterbox_ffffff_100
"HR 1936-3 LP DF GD Clean Touch Steel - 36"" Range Dual Fuel model with M Touch controls",Miele,HR19363LPDFGD,HR19363LPDFGD,11499.00,13199.99,https://images.webfronts.com/cache/frlsqvvqqomx.png?imgeng=/w_1920/h_1920/m_letterbox_ffffff_100
"48"" Dual Fuel Pro Range, Silver Stainless Steel, Natural Gas/High Altitude",Dacor,HDPR48SNGH,HDPR48SNGH,11499.00,,https://images.webfronts.com/cache/frluftapnfio.png?imgeng=/w_1920/h_1920/m_letterbox_ffffff_100
"RISE™ 48"" Gas Professional-Style Range with Chrome-Infused Griddle and Grill",Jennair,JGRP748HL,JGRP748HL,11499.99,,https://images.webfronts.com/cache/mehejlmgiteo.jpg?imgeng=/w_1920/h_1920/m_letterbox_ffffff_100
KitchenAid® 48'' Smart Commercial-Style Dual Fuel Range with Griddle,Kitchenaid,KFDC558JSS,KFDC558JSS,11518.99,12799.99,https://images.webfronts.com/cache/mebksvccvxdg.jpg?imgeng=/w_1920/h_1920/m_letterbox_ffffff_100/cmpr_99
ZLINE 60 in. 7.4 cu. ft. Legacy Dual Fuel Range with 9 Burner Gas Cooktop and 2 Electric Convection Ovens,Zline Kitchen And Bath,RAB60,RAB60,11599.95,,https://images.webfronts.com/cache/fryfdxomqctk.jpg?imgeng=/w_1920/h_1920/m_letterbox_ffffff_100/cmpr_99
ZLINE Autograph Edition 60 in. 7.4 cu. ft. Legacy Dual Fuel Range with 9 Burner Gas Cooktop and 2 Electric Convection Ovens in Satin Stainless Steel with White Matte Doors and Champagne Bronze Accents (RASZ-WM-60-CB) [Color: Champagne Bronze Accents],Zline Kitchen And Bath,RASZWM60CB,RASZWM60CB,11599.95,,https://images.webfronts.com/cache/frhqwkziaetv.jpg?imgeng=/w_1920/h_1920/m_letterbox_ffffff_100/cmpr_99
"Monogram 48"" All Gas Professional Range with 6 Burners and Griddle",Monogram,ZGP486NDTSS,ZGP486NDTSS,11600.00,12760.0,https://images.webfronts.com/cache/frnrrgrcqkxk.jpg?imgeng=/w_1920/h_1920/m_letterbox_ffffff_100/cmpr_99
"ILVE UP48FSQMPBK Professional Plus II 48 inch Dual Fuel Range (5 Sealed Burners + Griddle + French Top, Natural Gas, Solid Door, Glossy Black)",Ilve,UP48FSQMPBK,UP48FSQMPBK,11690.00,,https://images.webfronts.com/cache/frvdtfnuhwky.jpg?imgeng=/w_1920/h_1920/m_letterbox_ffffff_100
"ILVE UP48FSQMPSSLP Professional Plus II 48 inch Dual Fuel Range (5 Sealed Burners + Griddle + French Top, Liquid Propane, Solid Door, Stainless Steel)",Ilve,UP48FSQMPSSLP,UP48FSQMPSSLP,11690.00,,https://images.webfronts.com/cache/frzorjcntlyv.jpg?imgeng=/w_1920/h_1920/m_letterbox_ffffff_100
"Monogram 36"" Dual-Fuel Professional Range with 4 Burners and Griddle",Monogram,ZDP364NDTSS,ZDP364NDTSS,11700.00,12870.0,https://images.webfronts.com/cache/fryfcvoatgwc.jpg?imgeng=/w_1920/h_1920/m_letterbox_ffffff_100/cmpr_99
36-inch Dual-Fuel Pro Range with Steam-Combi Oven and Griddle,Signature Kitchen Suite,SKSDR360GS,SKSDR360GS,11799.00,,https://images.webfronts.com/cache/frgpoffkihyx.jpg?imgeng=/w_1920/h_1920/m_letterbox_ffffff_100
36-inch Dual-Fuel Pro Range with Steam-Combi Oven and Sous Vide,Signature Kitchen Suite,SKSDR360SS,SKSDR360SS,11799.00,,https://images.webfronts.com/cache/frlumsdagois.jpg?imgeng=/w_1920/h_1920/m_letterbox_ffffff_100
"ILVE UP60FWMPSS Professional Plus II 60 inch Dual Fuel Range (9 Sealed Burners + Griddle, Natural Gas, Triple Glass Door, Stainless Steel)",Ilve,UP60FWMPSS,UP60FWMPSS,11990.00,,https://images.webfronts.com/cache/freejwqlfpvc.jpg?imgeng=/w_1920/h_1920/m_letterbox_ffffff_100
"ILVE UP60FWMPSSLP Professional Plus II 60 inch Dual Fuel Range (9 Sealed Burners + Griddle, Liquid Propane, Triple Glass Door, Stainless Steel)",Ilve,UP60FWMPSSLP,UP60FWMPSSLP,11990.00,,https://images.webfronts.com/cache/frsjqtixvrbu.jpg?imgeng=/w_1920/h_1920/m_letterbox_ffffff_100/cmpr_99
"36"" Sealed Burner Gas Range - VGR7362 Viking 7 Series",Viking,VGR73624GSSLP,VGR73624GSSLP,11999.00,12839.0,https://images.webfronts.com/cache/frlqjljvspvf.jpg?imgeng=/w_1920/h_1920/m_letterbox_ffffff_100/cmpr_99
"36"" Sealed Burner Gas Range - VGR7362 Viking 7 Series",Viking,VGR73624GSS,VGR73624GSS,11999.00,12839.0,https://images.webfronts.com/cache/frlqjljvspvf.jpg?imgeng=/w_1920/h_1920/m_letterbox_ffffff_100
"Café™ 48"" Smart Dual-Fuel Commercial-Style Range with 6 Burners and Griddle (Natural Gas)",Cafe,C2Y486P2TS1,C2Y486P2TS1,12148.00,13499.0,https://images.webfronts.com/cache/frcpebnonujg.jpg?imgeng=/w_1920/h_1920/m_letterbox_ffffff_100/cmpr_99
"36"" 5-Burner Dual Fuel Range, Steeletto",Hestan,KRD365STEELETTO,KRD365STEELETTO,12199.00,,https://images.webfronts.com/cache/frsukotixhsv.png?imgeng=/w_1920/h_1920/m_letterbox_ffffff_100/cmpr_99
"48"" Gas Range - VGR548 Viking 5 Series",Viking,VGR5488BSS,VGR5488BSS,12299.00,13159.0,https://images.webfronts.com/cache/froeawztnfzz.jpg?imgeng=/w_1920/h_1920/m_letterbox_ffffff_100/cmpr_99
"48"" Gas Range - VGR548 Viking 5 Series",Viking,VGR5486GSSLP,VGR5486GSSLP,12499.00,13369.0,https://images.webfronts.com/cache/frjddzqtrlln.jpg?imgeng=/w_1920/h_1920/m_letterbox_ffffff_100
"48"" Gas Range - VGR548 Viking 5 Series",Viking,VGR5486GSS,VGR5486GSS,12499.00,13369.0,https://images.webfronts.com/cache/frjddzqtrlln.jpg?imgeng=/w_1920/h_1920/m_letterbox_ffffff_100
ZLINE Autograph Edition 60 in. 7.4 cu. ft. Legacy Dual Fuel Range with 9 Burner Gas Cooktop and 2 Electric Convection Ovens [Color: Champagne Bronze],Zline Kitchen And Bath,RABZ60CB,RABZ60CB,12599.95,,https://images.webfronts.com/cache/frtsnsgvlfzf.jpg?imgeng=/w_1920/h_1920/m_letterbox_ffffff_100
36-inch Dual-Fuel Pro Range with Sous Vide and Induction,Signature Kitchen Suite,SKSDR360SIS,SKSDR360SIS,12899.00,,https://images.webfronts.com/cache/frlneakadkjb.jpg?imgeng=/w_1920/h_1920/m_letterbox_ffffff_100
"AGA classic 24"" AGA 24, White",Aga,ATC2DFWHT,ATC2DFWHT,12959.00,14259.0,https://images.webfronts.com/cache/frjjdgfksvxa.png?imgeng=/w_1920/h_1920/m_letterbox_ffffff_100
"ILVE UP60FSWMPSS Professional Plus II 60 inch Dual Fuel Range (7 Sealed Burners + Griddle + French Top, Natural Gas, Triple Glass Door, Stainless Steel)",Ilve,UP60FSWMPSS,UP60FSWMPSS,12990.00,,https://images.webfronts.com/cache/frjxwochdgob.jpg?imgeng=/w_1920/h_1920/m_letterbox_ffffff_100
"ILVE UP60FSWMPBKLP Professional Plus II 60 inch Dual Fuel Range (7 Sealed Burners + Griddle + French Top, Liquid Propane, Triple Glass Door, Glossy Black)",Ilve,UP60FSWMPBKLP,UP60FSWMPBKLP,12990.00,,https://images.webfronts.com/cache/frrgpstsluyd.jpg?imgeng=/w_1920/h_1920/m_letterbox_ffffff_100
"36"" 4-Burner Dual Fuel Range with 12"" Griddle, Steeletto",Hestan,KRD364GDSTEELETTO,KRD364GDSTEELETTO,13089.00,,https://images.webfronts.com/cache/frxqtstkfsix.png?imgeng=/w_1920/h_1920/m_letterbox_ffffff_100/cmpr_99
"RISE™ 48"" Dual-Fuel Professional Range with Dual Chrome-Infused Griddles",Jennair,JDRP848HL,JDRP848HL,13199.99,,https://images.webfronts.com/cache/menhyklxakac.jpg?imgeng=/w_1920/h_1920/m_letterbox_ffffff_100
"Master 48"" Range All Gas SS",Bertazzoni,MAS486GGASXVLP,MAS486GGASXVLP,13470.00,,https://images.webfronts.com/cache/mehmiwptcbca.jpg?imgeng=/w_1920/h_1920/m_letterbox_ffffff_100
"48 inch All Gas Range, 6 Burner and Griddle Stainless Steel",Bertazzoni,MAS486GGASXV,MAS486GGASXV,13470.00,,https://images.webfronts.com/cache/meuqvysslgla.jpg?imgeng=/w_1920/h_1920/m_letterbox_ffffff_100
"48 inch Dual Fuel Range, 6 Burners and Griddle, Electric Oven Stainless Steel",Bertazzoni,MAS486GDFMXV,MAS486GDFMXV,13470.00,,https://images.webfronts.com/cache/mehevtbbmggn.jpg?imgeng=/w_1920/h_1920/m_letterbox_ffffff_100
"36""W. Tuscany Range - TVDR360",Viking,TVDR3604BAW,TVDR3604BAW,13671.99,,https://images.webfronts.com/cache/frmqvchtnpod.jpg?imgeng=/w_1920/h_1920/m_letterbox_ffffff_100
"ILVE UP60FSQMPSS Professional Plus II 60 inch Dual Fuel Range (7 Sealed Burners + Griddle + French Top, Natural Gas, Solid Door, Stainless Steel)",Ilve,UP60FSQMPSS,UP60FSQMPSS,13690.00,,https://images.webfronts.com/cache/frnpqnxxapax.jpg?imgeng=/w_1920/h_1920/m_letterbox_ffffff_100
"ILVE UP60FSQMPSSLP Professional Plus II 60 inch Dual Fuel Range (7 Sealed Burners + Griddle + French Top, Liquid Propane, Solid Door, Stainless Steel)",Ilve,UP60FSQMPSSLP,UP60FSQMPSSLP,13690.00,,https://images.webfronts.com/cache/frjwygindlqy.jpg?imgeng=/w_1920/h_1920/m_letterbox_ffffff_100
"48"" 5-Burner All Gas Range with 12"" Griddle, Steeletto",Hestan,KRG485GDSTEELETTO,KRG485GDSTEELETTO,14119.00,,https://images.webfronts.com/cache/frfrecrqmgpy.png?imgeng=/w_1920/h_1920/m_letterbox_ffffff_100
"48"" Dual-Fuel Range, Silver Stainless, Natural Gas/Liquid Propane",Dacor,DOP48T963DS,DOP48T963DS,14199.00,,https://images.webfronts.com/cache/frlyttssxbvb.png?imgeng=/w_1920/h_1920/m_letterbox_ffffff_100
"RISE™ 48"" Dual-Fuel Professional-Style Range with Grill",Jennair,JDRP648HL,JDRP648HL,14299.99,,https://images.webfronts.com/cache/megywpgjgggj.jpg?imgeng=/w_1920/h_1920/m_letterbox_ffffff_100
"RISE™ 48"" Dual-Fuel Professional Range with Chrome-Infused Griddle",Jennair,JDRP548HL,JDRP548HL,14299.99,,https://images.webfronts.com/cache/mejiliietusq.jpg?imgeng=/w_1920/h_1920/m_letterbox_ffffff_100/cmpr_99
"36 inch All Gas Range, 6 Brass Burners and Cast Iron Griddle Stainless Steel",Bertazzoni,HER366BCFGMXT,HER366BCFGMXT,14300.00,,https://images.webfronts.com/cache/menjcicvihix.jpg?imgeng=/w_1920/h_1920/m_letterbox_ffffff_100
"RISE™ 48"" Dual-Fuel Professional-Style Range with Chrome-Infused Griddle and Grill",Jennair,JDRP748HL,JDRP748HL,14499.99,,https://images.webfronts.com/cache/melslfolxwih.jpg?imgeng=/w_1920/h_1920/m_letterbox_ffffff_100
"RISE™ 48"" Dual-Fuel Professional-Style Range with Chrome-Infused Griddle and Steam Assist",Jennair,JDSP548HL,JDSP548HL,14549.99,,https://images.webfronts.com/cache/mejiliietusq.jpg?imgeng=/w_1920/h_1920/m_letterbox_ffffff_100
HR 1954-3 LP DF Clean Touch Steel - 48 inch range Dual Fuel model with M Touch controls,Miele,HR19543LPDF,HR19543LPDF,14599.00,16399.99,https://images.webfronts.com/cache/frqfxdxbhlrw.png?imgeng=/w_1920/h_1920/m_letterbox_ffffff_100/cmpr_99
HR 1954-3 G DF Clean Touch Steel - 48 inch range Dual Fuel model with M Touch controls,Miele,HR19543GDF,HR19543GDF,14599.00,16399.99,https://images.webfronts.com/cache/frqfxdxbhlrw.png?imgeng=/w_1920/h_1920/m_letterbox_ffffff_100
"Monogram 48"" Dual-Fuel Professional Range with 6 Burners and Griddle",Monogram,ZDP486NDTSS,ZDP486NDTSS,14600.00,16060.0,https://images.webfronts.com/cache/frpdqmtzbfnt.jpg?imgeng=/w_1920/h_1920/m_letterbox_ffffff_100
"36"" 5-Burner Smart Gas Dual Fuel Range, Steeletto",Hestan,KRDS365STEELETTO,KRDS365STEELETTO,14759.00,,https://images.webfronts.com/cache/frfdffaagqzv.png?imgeng=/w_1920/h_1920/m_letterbox_ffffff_100
"48"" 4-Burner All Gas Range with 24"" Griddle, Steeletto",Hestan,KRG484GDSTEELETTO,KRG484GDSTEELETTO,14759.00,,https://images.webfronts.com/cache/frgziguduywi.png?imgeng=/w_1920/h_1920/m_letterbox_ffffff_100
60-Inch Pro Grand® Commercial Depth Dual Fuel Range,Thermador,PRD606RCG,PRD606RCG,14940.99,,https://images.webfronts.com/cache/frsblfvsprcb.jpg?imgeng=/w_1920/h_1920/m_letterbox_ffffff_100
"48"" Dual Fuel Range - VDR548 Viking 5 Series",Viking,VDR5488BSS,VDR5488BSS,14999.00,16049.0,https://images.webfronts.com/cache/frlswllbetwo.jpg?imgeng=/w_1920/h_1920/m_letterbox_ffffff_100/cmpr_99
"48"" Dual Fuel Range - VDR548 Viking 5 Series",Viking,VDR5488BSSLP,VDR5488BSSLP,14999.00,16049.0,https://images.webfronts.com/cache/frlswllbetwo.jpg?imgeng=/w_1920/h_1920/m_letterbox_ffffff_100
"36"" Dual Fuel Range - VDR7362 Viking 7 Series",Viking,VDR73626BSS,VDR73626BSS,15499.00,16579.0,https://images.webfronts.com/cache/frrgrysqjner.jpg?imgeng=/w_1920/h_1920/m_letterbox_ffffff_100
"48"" Dual Fuel Range - VDR548 Viking 5 Series",Viking,VDR5486GSSLP,VDR5486GSSLP,15499.00,16579.0,https://images.webfronts.com/cache/frpoqwhzukru.jpg?imgeng=/w_1920/h_1920/m_letterbox_ffffff_100
"48"" Dual Fuel Range - VDR548 Viking 5 Series",Viking,VDR5486GSS,VDR5486GSS,15499.00,16579.0,https://images.webfronts.com/cache/frpoqwhzukru.jpg?imgeng=/w_1920/h_1920/m_letterbox_ffffff_100
"36"" Dual Fuel Range - VDR7362 Viking 7 Series",Viking,VDR73626BSSLP,VDR73626BSSLP,15499.00,16579.0,https://images.webfronts.com/cache/frrgrysqjner.jpg?imgeng=/w_1920/h_1920/m_letterbox_ffffff_100
HR 1955-3 G DF GR Clean Touch Steel - 48 inch range Dual Fuel model with M Touch controls,Miele,HR19553GDFGR,HR19553GDFGR,15599.00,17599.99,https://images.webfronts.com/cache/fryaccyvyqlf.png?imgeng=/w_1920/h_1920/m_letterbox_ffffff_100/cmpr_99
HR 1956-3 LP DF GD Clean Touch Steel - 48 inch range Dual Fuel model with M Touch controls,Miele,HR19563LPDFGD,HR19563LPDFGD,15599.00,17599.99,https://images.webfronts.com/cache/frhukwgnfjle.png?imgeng=/w_1920/h_1920/m_letterbox_ffffff_100/cmpr_99
HR 1956-3 G DF GD Clean Touch Steel - 48 inch range Dual Fuel model with M Touch controls,Miele,HR19563GDFGD,HR19563GDFGD,15599.00,17599.99,https://images.webfronts.com/cache/frhukwgnfjle.png?imgeng=/w_1920/h_1920/m_letterbox_ffffff_100
"Monogram 48"" Dual-Fuel Professional Range with 4 Burners, Grill, and Griddle",Monogram,ZDP484NGTSS,ZDP484NGTSS,15600.00,17160.0,https://images.webfronts.com/cache/frgwzwwxnkwa.jpg?imgeng=/w_1920/h_1920/m_letterbox_ffffff_100/cmpr_99
"36 inch Dual Fuel Range, 6 Brass Burner and Cast Iron Griddle, Electric Self-Clean Oven Stainless Steel",Bertazzoni,HER366BCFEPXT,HER366BCFEPXT,15990.00,,https://images.webfronts.com/cache/meqvpvbcxqgj.jpg?imgeng=/w_1920/h_1920/m_letterbox_ffffff_100
48-inch Dual-Fuel Pro Range with 6 Burners and Griddle,Signature Kitchen Suite,SKSDR480GS,SKSDR480GS,15999.00,,https://images.webfronts.com/cache/frphtlketrad.jpg?imgeng=/w_1920/h_1920/m_letterbox_ffffff_100
"48"" Sealed Burner Gas Range - VGR7482 Viking 7 Series",Viking,VGR74828BSS,VGR74828BSS,16299.00,17439.0,https://images.webfronts.com/cache/frqyuknrlfrs.jpg?imgeng=/w_1920/h_1920/m_letterbox_ffffff_100
"48"" Sealed Burner Gas Range - VGR7482 Viking 7 Series",Viking,VGR74828BSSLP,VGR74828BSSLP,16299.00,17439.0,https://images.webfronts.com/cache/frqyuknrlfrs.jpg?imgeng=/w_1920/h_1920/m_letterbox_ffffff_100
"48"" Professional Range All Gas SS",Bertazzoni,PRO486BTFGMXTLP,PRO486BTFGMXTLP,16590.00,,https://images.webfronts.com/cache/meujnnuibfam.jpg?imgeng=/w_1920/h_1920/m_letterbox_ffffff_100
48 inch All-Gas Range 6 Brass Burners and Griddle Stainless Steel,Bertazzoni,PRO486BTFGMXT,PRO486BTFGMXT,16590.00,,https://images.webfronts.com/cache/mefcihbwywjn.jpg?imgeng=/w_1920/h_1920/m_letterbox_ffffff_100
"Master 48"" Range All Gas SS",Bertazzoni,MAS486BTFGMXTLP,MAS486BTFGMXTLP,16590.00,,https://images.webfronts.com/cache/meaamautnwmc.jpg?imgeng=/w_1920/h_1920/m_letterbox_ffffff_100
48-inch Dual-Fuel Pro Range with Sous Vide and Induction,Signature Kitchen Suite,SKSDR480SIS,SKSDR480SIS,17199.00,,https://images.webfronts.com/cache/frdpcpsxylyw.jpg?imgeng=/w_1920/h_1920/m_letterbox_ffffff_100
"48"" Sealed Burner Gas Range - VGR7482 Viking 7 Series",Viking,VGR74826GSS,VGR74826GSS,17499.00,18719.0,https://images.webfronts.com/cache/frcegeowrnpx.jpg?imgeng=/w_1920/h_1920/m_letterbox_ffffff_100
"48"" Sealed Burner Gas Range - VGR7482 Viking 7 Series",Viking,VGR74826GSSLP,VGR74826GSSLP,17499.00,18719.0,https://images.webfronts.com/cache/frcegeowrnpx.jpg?imgeng=/w_1920/h_1920/m_letterbox_ffffff_100
"48"" 5-Burner Dual Fuel Range with 12"" Griddle, Steeletto",Hestan,KRD485GDSTEELETTO,KRD485GDSTEELETTO,17969.00,,https://images.webfronts.com/cache/frslpihztkbt.jpg?imgeng=/w_1920/h_1920/m_letterbox_ffffff_100/cmpr_99
"48 inch Dual Fuel Range, 6 Brass Burners and Griddle, Electric Self-Clean Oven Stainless Steel",Bertazzoni,PRO486BTFEPXT,PRO486BTFEPXT,18020.00,,https://images.webfronts.com/cache/meacxgysovln.jpg?imgeng=/w_1920/h_1920/m_letterbox_ffffff_100/cmpr_99
"36"" Dual Fuel Range - VDR7362 Viking 7 Series",Viking,VDR73624GSS,VDR73624GSS,18049.00,19309.0,https://images.webfronts.com/cache/frqpixboyfux.jpg?imgeng=/w_1920/h_1920/m_letterbox_ffffff_100
"36"" Dual Fuel Range - VDR7362 Viking 7 Series",Viking,VDR73624GSSLP,VDR73624GSSLP,18049.00,19309.0,https://images.webfronts.com/cache/frqpixboyfux.jpg?imgeng=/w_1920/h_1920/m_letterbox_ffffff_100
"48"" 4-Burner Dual Fuel Range with 24"" Griddle, Steeletto",Hestan,KRD484GDSTEELETTO,KRD484GDSTEELETTO,18609.00,,https://images.webfronts.com/cache/frysrayhojuh.jpg?imgeng=/w_1920/h_1920/m_letterbox_ffffff_100
PRD48WISGU Dual Fuel Professional Range 48'' Pro Grand® Commercial Depth,Thermador,PRD48WISGU,PRD48WISGU,19149.00,21099.0,https://images.webfronts.com/cache/frxfrfjofrey.webp?imgeng=/w_1920/h_1920/m_letterbox_ffffff_100/cmpr_99
"48"" Dual Fuel Range - VDR7482 Viking 7 Series",Viking,VDR74828BSS,VDR74828BSS,19299.00,20649.0,https://images.webfronts.com/cache/frxjjljqqvtb.jpg?imgeng=/w_1920/h_1920/m_letterbox_ffffff_100
"48"" Dual Fuel Range - VDR7482 Viking 7 Series",Viking,VDR74828BSSLP,VDR74828BSSLP,19299.00,20649.0,https://images.webfronts.com/cache/frxjjljqqvtb.jpg?imgeng=/w_1920/h_1920/m_letterbox_ffffff_100
"60"" Gas Range - VGR560 Viking 5 Series",Viking,VGR5606GQSS,VGR5606GQSS,19529.00,20899.0,https://images.webfronts.com/cache/frtijdmvenqw.jpg?imgeng=/w_1920/h_1920/m_letterbox_ffffff_100
"60"" Gas Range - VGR560 Viking 5 Series",Viking,VGR5606GQSSLP,VGR5606GQSSLP,19529.00,20899.0,https://images.webfronts.com/cache/frtijdmvenqw.jpg?imgeng=/w_1920/h_1920/m_letterbox_ffffff_100
"36""W. Tuscany Range - TVDR361",Viking,TVDR3614BCS,TVDR3614BCS,19799.00,21199.0,https://images.webfronts.com/cache/frimwpjmwvmk.jpg?imgeng=/w_1920/h_1920/m_letterbox_ffffff_100
"48"" Dual Fuel Range - VDR7482 Viking 7 Series",Viking,VDR74826GSS,VDR74826GSS,21099.00,22579.0,https://images.webfronts.com/cache/frtnounpemmh.jpg?imgeng=/w_1920/h_1920/m_letterbox_ffffff_100
"48"" Dual Fuel Range - VDR7482 Viking 7 Series",Viking,VDR74826GSSLP,VDR74826GSSLP,21099.00,22579.0,https://images.webfronts.com/cache/frtnounpemmh.jpg?imgeng=/w_1920/h_1920/m_letterbox_ffffff_100
48 inch All-Gas Range 6 Brass Burner and Griddle Stainless Steel,Bertazzoni,HER486BTFGMXT,HER486BTFGMXT,22440.00,,https://images.webfronts.com/cache/meawagttufoh.jpg?imgeng=/w_1920/h_1920/m_letterbox_ffffff_100
"48""W. Tuscany Range - TVDR481",Viking,TVDR4816BCS,TVDR4816BCS,23299.00,24939.0,https://images.webfronts.com/cache/frnhfebbcyux.jpg?imgeng=/w_1920/h_1920/m_letterbox_ffffff_100
"48 inch Dual Fuel Range, 6 Brass Burners and Griddle, Electric Self-Clean Oven Stainless Steel",Bertazzoni,HER486BTFEPXT,HER486BTFEPXT,24050.00,,https://images.webfronts.com/cache/memeflwwauxj.jpg?imgeng=/w_1920/h_1920/m_letterbox_ffffff_100
"48""W. Tuscany Range - TVDR481",Viking,TVDR4814GDG,TVDR4814GDG,24999.00,26749.0,https://images.webfronts.com/cache/frikcxwznlyt.jpg?imgeng=/w_1920/h_1920/m_letterbox_ffffff_100
"48""W. Tuscany Range - TVDR481",Viking,TVDR4814ISB,TVDR4814ISB,24999.00,26749.0,https://images.webfronts.com/cache/frcgwuvvwjgn.jpg?imgeng=/w_1920/h_1920/m_letterbox_ffffff_100
"60"" Dual Fuel Range - VDR560 Viking 5 Series",Viking,VDR5606GQSS,VDR5606GQSS,25229.00,26999.0,https://images.webfronts.com/cache/frkidqknncmp.jpg?imgeng=/w_1920/h_1920/m_letterbox_ffffff_100
"60"" Dual Fuel Range - VDR560 Viking 5 Series",Viking,VDR5606GQSSLP,VDR5606GQSSLP,25229.00,26999.0,https://images.webfronts.com/cache/frkidqknncmp.jpg?imgeng=/w_1920/h_1920/m_letterbox_ffffff_100
"66""W. Tuscany Range - TVDR661",Viking,TVDR6618BCS,TVDR6618BCS,30399.00,32529.0,https://images.webfronts.com/cache/fravpukrrweh.jpg?imgeng=/w_1920/h_1920/m_letterbox_ffffff_100/cmpr_99
"66""W. Tuscany Range - TVDR661",Viking,TVDR6616IDG,TVDR6616IDG,31899.00,34139.0,https://images.webfronts.com/cache/frmjpqebfqva.jpg?imgeng=/w_1920/h_1920/m_letterbox_ffffff_100
"66""W. Tuscany Range - TVDR661",Viking,TVDR6616GSB,TVDR6616GSB,31899.00,34139.0,https://images.webfronts.com/cache/frsslcfjvvun.jpg?imgeng=/w_1920/h_1920/m_letterbox_ffffff_100
